"Data Source","World Development Indicators",

"Last Updated Date","2024-11-13",

"Country Name","Country Code","Indicator Name","Indicator Code","1960","1961","1962","1963","1964","1965","1966","1967","1968","1969","1970","1971","1972","1973","1974","1975","1976","1977","1978","1979","1980","1981","1982","1983","1984","1985","1986","1987","1988","1989","1990","1991","1992","1993","1994","1995","1996","1997","1998","1999","2000","2001","2002","2003","2004","2005","2006","2007","2008","2009","2010","2011","2012","2013","2014","2015","2016","2017","2018","2019","2020","2021","2022","2023",
"Aruba","ABW","Tariff rate, applied, simple mean, all products (%)","TM.TAX.MRCH.SM.AR.ZS","","","","","","","","","","","","","","","","","","","","","","","","","","","","","","","","","","","","","","","","","","","","","","","","","","","","10.2","10.13","10.16","","9.77","10.27","9.99","10.01","10.92","","9.98","","",
"Africa Eastern and Southern","AFE","Tariff rate, applied, simple mean, all products (%)","TM.TAX.MRCH.SM.AR.ZS","","","","","","","","","","","","","","","","","","","","","","","","","","","","","","","","","","","","","","","","","","","","","","","","","","","","","","","","","","","","","","","","",
"Afghanistan","AFG","Tariff rate, applied, simple mean, all products (%)","TM.TAX.MRCH.SM.AR.ZS","","","","","","","","","","","","","","","","","","","","","","","","","","","","","","","","","","","","","","","","","","","","","3.86","","6.16","6.18","6.47","","","","6.95","6.95","","","","","8.38","","","","","",
"Africa Western and Central","AFW","Tariff rate, applied, simple mean, all products (%)","TM.TAX.MRCH.SM.AR.ZS","","","","","","","","","","","","","","","","","","","","","","","","","","","","","","","","","","","","","","","","","","","","","","","","","","","","","","","","","","","","","","","","",
"Angola","AGO","Tariff rate, applied, simple mean, all products (%)","TM.TAX.MRCH.SM.AR.ZS","","","","","","","","","","","","","","","","","","","","","","","","","","","","","","","","","","","","","","","","","","","8.21","","8.19","7.98","7.98","","7.81","7.77","7.91","7.84","7.73","7.7","11.19","10.91","10.9","","8.54","8.65","10.51","12.03","","",
"Albania","ALB","Tariff rate, applied, simple mean, all products (%)","TM.TAX.MRCH.SM.AR.ZS","","","","","","","","","","","","","","","","","","","","","","","","","","","","","","","","","","","","","","16.85","","","11.74","11.7","8.39","8.19","7.3","6.34","6.35","5.67","2.44","5.71","5.78","2.15","1.65","1.67","1.25","1.24","1.44","1.22","1.47","1.47","1.45","1.61","","",
"Andorra","AND","Tariff rate, applied, simple mean, all products (%)","TM.TAX.MRCH.SM.AR.ZS","","","","","","","","","","","","","","","","","","","","","","","","","","","","","","","","","","","","","","","","","","","","","","","","","","","","","","","","","","","","","","","","",
"Arab World","ARB","Tariff rate, applied, simple mean, all products (%)","TM.TAX.MRCH.SM.AR.ZS","","","","","","","","","","","","","","","","","","","","","","","","","","","","","","","","","","","","","","","","","","","","","","","","","","","","","","","","","","","","","","","","",
"United Arab Emirates","ARE","Tariff rate, applied, simple mean, all products (%)","TM.TAX.MRCH.SM.AR.ZS","","","","","","","","","","","","","","","","","","","","","","","","","","","","","","","","","","","","","","","","","","","","","","4.44","","4.21","4.29","4.28","","4.76","4.35","4.35","4.06","4.03","3.99","4.56","4.24","4.24","4.19","4.11","","",
"Argentina","ARG","Tariff rate, applied, simple mean, all products (%)","TM.TAX.MRCH.SM.AR.ZS","","","","","","","","","","","","","","","","","","","","","","","","","","","","","","","","","14.18","13.15","","12.7","14.45","14.44","16.73","15.17","15.22","13.23","14.78","14.73","11.85","10.6","10.62","11.49","11.16","11.65","11.47","11.35","11.17","12.17","12.58","12.48","12.58","12.73","12.47","12.18","12.19","11.9","","",
"Armenia","ARM","Tariff rate, applied, simple mean, all products (%)","TM.TAX.MRCH.SM.AR.ZS","","","","","","","","","","","","","","","","","","","","","","","","","","","","","","","","","","","","","","","","","","3.26","","3.65","3.85","3.85","3.59","3.92","3.69","4.17","4.21","4.27","4.69","4.63","4.6","6.36","4.92","4.6","","6.3","4.81","5.7","","",
"American Samoa","ASM","Tariff rate, applied, simple mean, all products (%)","TM.TAX.MRCH.SM.AR.ZS","","","","","","","","","","","","","","","","","","","","","","","","","","","","","","","","","","","","","","","","","","","","","","","","","","","","","","","","","","","","","","","","",
"Antigua and Barbuda","ATG","Tariff rate, applied, simple mean, all products (%)","TM.TAX.MRCH.SM.AR.ZS","","","","","","","","","","","","","","","","","","","","","","","","","","","","","","","","","","","","","22.82","","","19.58","16.35","13.55","13.55","13.97","13.93","13.93","11.43","11.61","11.93","13.92","14.47","14.47","12.71","12.51","12.32","12.38","12.3","11.64","12.23","12.39","12.39","12.39","","",
"Australia","AUS","Tariff rate, applied, simple mean, all products (%)","TM.TAX.MRCH.SM.AR.ZS","","","","","","","","","","","","","","","","","","","","","","","","","","","","","","","","20.1","","9.67","","","7.75","7.63","6.99","6.74","6.55","5.37","5.1","5.12","5.19","4.27","3.83","3.91","4.06","4.05","2.85","2.8","2.76","2.77","2.84","2.5","2.3","2.23","2.22","2.03","1.97","1.93","","",
"Austria","AUT","Tariff rate, applied, simple mean, all products (%)","TM.TAX.MRCH.SM.AR.ZS","","","","","","","","","","","","","","","","","","","","","","","","","","","","","3.14","3.49","6.01","4.71","3.88","3.54","4.21","5.73","4.22","3.47","3.9","4.31","3.3","4.26","2.57","2.54","2.64","2.68","2.75","2.53","2.37","2.44","2.78","2.3","2.28","2.21","2.76","2.73","2.48","2.48","2.46","2.55","1.71","2.24","","",
"Azerbaijan","AZE","Tariff rate, applied, simple mean, all products (%)","TM.TAX.MRCH.SM.AR.ZS","","","","","","","","","","","","","","","","","","","","","","","","","","","","","","","","","","","","","","","","","","","11.47","","","11.83","","9.37","8.26","9.31","","8.78","9.21","9.05","9.46","8.52","","","","15.32","9.11","9.26","","",
"Burundi","BDI","Tariff rate, applied, simple mean, all products (%)","TM.TAX.MRCH.SM.AR.ZS","","","","","","","","","","","","","","","","","","","","","","","","","","","","","","","","","","","","","","","","","","","21.9","22.02","","20.78","15.83","13.54","12.79","10.86","10.41","10.26","11.2","9.99","10.1","10.42","10.43","","11.24","11.78","11.78","11.29","","",
"Belgium","BEL","Tariff rate, applied, simple mean, all products (%)","TM.TAX.MRCH.SM.AR.ZS","","","","","","","","","","","","","","","","","","","","","","","","","","","","","3.14","3.49","6.01","4.71","3.88","3.54","4.21","5.73","4.22","3.47","3.9","4.31","3.3","4.26","2.57","2.54","2.64","2.68","2.75","2.53","2.37","2.44","2.78","2.3","2.28","2.21","2.76","2.73","2.48","2.48","2.46","2.55","1.71","2.24","","",
"Benin","BEN","Tariff rate, applied, simple mean, all products (%)","TM.TAX.MRCH.SM.AR.ZS","","","","","","","","","","","","","","","","","","","","","","","","","","","","","","","","","","","","","","","","","","14.27","14.25","14.49","14.5","14.49","13.52","12.83","12.83","12.83","12.83","13.09","13.09","13.1","12.96","10.91","10.58","13.63","13.42","11.67","11.67","11.32","","",
"Burkina Faso","BFA","Tariff rate, applied, simple mean, all products (%)","TM.TAX.MRCH.SM.AR.ZS","","","","","","","","","","","","","","","","","","","","","","","","","","","","","","","","","","5","","","","","","","","13.39","13.35","13.56","13.56","13.45","12.52","12.38","12.38","12.38","12.29","12.32","12.33","12.33","12.25","10.43","10.88","12.41","12.17","11.41","11","11.33","","",
"Bangladesh","BGD","Tariff rate, applied, simple mean, all products (%)","TM.TAX.MRCH.SM.AR.ZS","","","","","","","","","","","","","","","","","","","","","","","","","","","","","","105.36","","","","","84.9","","","","27.52","22.31","22.23","20.87","21.01","19.56","18.26","15.37","15.21","14.27","13.75","14.05","13.88","13.8","13.53","12.86","","11.97","12.96","","","12.19","12.53","12.57","","",
"Bulgaria","BGR","Tariff rate, applied, simple mean, all products (%)","TM.TAX.MRCH.SM.AR.ZS","","","","","","","","","","","","","","","","","","","","","","","","","","","","","3.14","3.49","6.01","4.71","3.88","3.54","4.21","5.73","4.22","3.47","3.9","4.31","3.3","4.26","2.57","2.54","2.64","2.68","2.75","2.53","2.37","2.44","2.78","2.3","2.28","2.21","2.76","2.73","2.48","2.48","2.46","2.55","1.71","2.24","","",
"Bahrain","BHR","Tariff rate, applied, simple mean, all products (%)","TM.TAX.MRCH.SM.AR.ZS","","","","","","","","","","","","","","","","","","","","","","","","","","","","","","","","","","","","","","","","8.47","8.45","8.42","5.48","5.41","5.41","4.53","4.49","4.17","4.12","4.34","5.22","4.27","4.27","4.06","3.75","3.59","3.6","4.08","3.36","3.68","3.59","3.6","","",
"Bahamas, The","BHS","Tariff rate, applied, simple mean, all products (%)","TM.TAX.MRCH.SM.AR.ZS","","","","","","","","","","","","","","","","","","","","","","","","","","","","","","","","","","","","","","","","29.91","","","28.99","","","","28.51","","","","33.36","33.17","","30.43","30.36","28.08","26.78","","23.66","","","","","",
"Bosnia and Herzegovina","BIH","Tariff rate, applied, simple mean, all products (%)","TM.TAX.MRCH.SM.AR.ZS","","","","","","","","","","","","","","","","","","","","","","","","","","","","","","","","","","","","","","","","","","5.26","","","","","8.37","7.35","7.04","4.19","3.76","3.37","3.15","2.99","3.1","2.49","2.6","2.88","2.95","5.32","2.95","3.16","","",
"Belarus","BLR","Tariff rate, applied, simple mean, all products (%)","TM.TAX.MRCH.SM.AR.ZS","","","","","","","","","","","","","","","","","","","","","","","","","","","","","","","","","","","","","11.99","12.81","","","10.63","10.52","11.49","","","","","","9.26","9.25","7.52","7.55","7.5","7.45","6.73","6.02","5.04","4.92","5.14","7.93","5.15","5.65","","",
"Belize","BLZ","Tariff rate, applied, simple mean, all products (%)","TM.TAX.MRCH.SM.AR.ZS","","","","","","","","","","","","","","","","","","","","","","","","","","","","","","","","","","","","","20.72","","","19.37","","12.75","12.99","12.85","","","11.78","11.6","11.73","12.54","12.57","11.64","11.23","11.49","11.49","11.4","10.97","11.09","10.87","10.88","11.76","11.87","","",
"Bermuda","BMU","Tariff rate, applied, simple mean, all products (%)","TM.TAX.MRCH.SM.AR.ZS","","","","","","","","","","","","","","","","","","","","","","","","","","","","","","","","","","","","","","","","","","","","","","","","19.34","19.16","19.15","18.92","18.92","18.4","18.32","18.15","18.7","18.45","19.9","24.13","39.96","22.26","22.24","","",
"Bolivia","BOL","Tariff rate, applied, simple mean, all products (%)","TM.TAX.MRCH.SM.AR.ZS","","","","","","","","","","","","","","","","","","","","","","","","","","","","","","","","","","9.73","9.96","9.67","9.61","9.61","9.6","9.51","9.23","9.27","9.87","9.08","7.76","7.19","6.48","6.21","6.22","7.5","9.76","9.09","9.29","9.93","10.04","10.05","10.05","10.33","9.95","9.95","9.95","9.83","","",
"Brazil","BRA","Tariff rate, applied, simple mean, all products (%)","TM.TAX.MRCH.SM.AR.ZS","","","","","","","","","","","","","","","","","","","","","","","","","","","","","","42.92","33.5","27.53","23.45","15.73","14.46","13.23","14.8","14.42","17.15","15.89","16.7","15","14.73","14.39","13.18","12.29","12.1","12.15","13.08","13.32","13.34","13.47","13.75","14.81","13.74","13.66","13.56","13.41","13.46","13.43","13.55","13.2","","",
"Barbados","BRB","Tariff rate, applied, simple mean, all products (%)","TM.TAX.MRCH.SM.AR.ZS","","","","","","","","","","","","","","","","","","","","","","","","","","","","","","","","","","","","","24.21","","","21.21","21.23","16.3","16.22","16.43","15.93","","15","15.13","","","13.81","13.78","12.04","12.55","","","","","","","10.18","9.53","","",
"Brunei Darussalam","BRN","Tariff rate, applied, simple mean, all products (%)","TM.TAX.MRCH.SM.AR.ZS","","","","","","","","","","","","","","","","","","","","","","","","","","","","","","","","","2.94","","","","4.04","4.03","4.01","3.79","3.66","3.6","3.24","3.14","3.15","3.26","3.31","3.33","3.05","2.69","3.81","2.22","","","1.2","","1.21","0.15","0.16","0.15","0.15","0.12","","",
"Bhutan","BTN","Tariff rate, applied, simple mean, all products (%)","TM.TAX.MRCH.SM.AR.ZS","","","","","","","","","","","","","","","","","","","","","","","","","","","","","","","","","","","","","17.49","","","","","","17.71","","22.16","22.15","","11.1","","","","","","","","12.18","","","","8.13","7.63","4.06","","",
"Botswana","BWA","Tariff rate, applied, simple mean, all products (%)","TM.TAX.MRCH.SM.AR.ZS","","","","","","","","","","","","","","","","","","","","","","","","","","","","","","","","","","","","","","","","","","7.15","7.94","","7.2","7.34","7.32","7.27","7.24","7.04","7.77","7.31","7.01","4.59","7.03","7.61","8.34","4.07","3.21","8.19","7.69","7.79","","",
"Central African Republic","CAF","Tariff rate, applied, simple mean, all products (%)","TM.TAX.MRCH.SM.AR.ZS","","","","","","","","","","","","","","","","","","","","","","","","","","","","","","","","","","","","17.24","","17.47","","","","18.93","18.94","24.52","24.52","22.16","24.53","17.43","17.39","17.39","17.39","16.96","18.52","15.97","","15.99","15.99","15.99","","","","","","",
"Canada","CAN","Tariff rate, applied, simple mean, all products (%)","TM.TAX.MRCH.SM.AR.ZS","","","","","","","","","","","","","","","","","","","","","","","","","","","","","","9.66","","","","8.92","","9.28","7.82","6.74","5.16","5.05","4.72","5.17","4.82","6.38","4.28","4.29","4.16","4.14","4.14","4.08","3.43","3.37","3.23","3.07","3.06","3.14","2.95","1.99","1.99","2.1","1.87","2.06","","",
"Central Europe and the Baltics","CEB","Tariff rate, applied, simple mean, all products (%)","TM.TAX.MRCH.SM.AR.ZS","","","","","","","","","","","","","","","","","","","","","","","","","","","","","","","","","","","","","","","","","","","","","","","","","","","","","","","","","","","","","","","","",
"Switzerland","CHE","Tariff rate, applied, simple mean, all products (%)","TM.TAX.MRCH.SM.AR.ZS","","","","","","","","","","","","","","","","","","","","","","","","","","","","","","","6.06","","","6.72","","11.92","5.94","4.93","4.53","4.33","4.43","5.02","4.52","5.1","4.15","4.72","5.88","3.83","3.5","3.48","3.07","3.8","4.53","3.68","3.71","3.67","3.93","4.8","4.67","5.41","3.96","4.13","","",
"Channel Islands","CHI","Tariff rate, applied, simple mean, all products (%)","TM.TAX.MRCH.SM.AR.ZS","","","","","","","","","","","","","","","","","","","","","","","","","","","","","","","","","","","","","","","","","","","","","","","","","","","","","","","","","","","","","","","","",
"Chile","CHL","Tariff rate, applied, simple mean, all products (%)","TM.TAX.MRCH.SM.AR.ZS","","","","","","","","","","","","","","","","","","","","","","","","","","","","","","","","","10.99","10.99","10.99","10.67","10.99","10.99","10.99","9.99","9","8","6.99","5.9","4.88","4.86","2.27","2.99","2.8","2.77","2.75","2.71","2.71","5.99","","1.17","5.99","1.04","1.05","1.04","1.03","1.07","","",
"China","CHN","Tariff rate, applied, simple mean, all products (%)","TM.TAX.MRCH.SM.AR.ZS","","","","","","","","","","","","","","","","","","","","","","","","","","","","","","","","","39.71","37.1","33.32","","22.02","16.66","17.08","16.34","16.4","15.39","12.15","10.69","9.81","9.24","8.89","8.93","8.7","8.09","8.09","8.13","","","7.74","7.82","7.88","8.46","7.56","5.39","5.32","5.31","","",
"Cote d'Ivoire","CIV","Tariff rate, applied, simple mean, all products (%)","TM.TAX.MRCH.SM.AR.ZS","","","","","","","","","","","","","","","","","","","","","","","","","","","","","","","","","","4.88","","","4.81","","","","","13.42","13.59","13.59","13.62","13.64","13.45","13.22","13.22","13.13","13.02","12.94","12.88","12.88","12.91","12.55","12.19","12.84","12.51","12.13","12.13","12.13","","",
"Cameroon","CMR","Tariff rate, applied, simple mean, all products (%)","TM.TAX.MRCH.SM.AR.ZS","","","","","","","","","","","","","","","","","","","","","","","","","","","","","","","","","","","18.45","18.1","","","","","","18.65","18.52","19.19","19.19","19.16","19.21","18.78","18.72","18.95","18.72","18.87","18.88","18.75","18.91","","","","","18.56","","","","",
"Congo, Dem. Rep.","COD","Tariff rate, applied, simple mean, all products (%)","TM.TAX.MRCH.SM.AR.ZS","","","","","","","","","","","","","","","","","","","","","","","","","","","","","","","","","","","","","","","","","","","","13.14","","","13.05","12.94","12.92","12.9","11.87","","","","11.65","","","","","12.02","11.57","","","",
"Congo, Rep.","COG","Tariff rate, applied, simple mean, all products (%)","TM.TAX.MRCH.SM.AR.ZS","","","","","","","","","","","","","","","","","","","","","","","","","","","","","","","","","","","20.49","","","17.41","","","","19.64","19.62","19.89","19.89","19.97","19.89","18.24","18.2","18.2","18.2","18.2","","18.51","18.44","12.91","","","","","","","","",
"Colombia","COL","Tariff rate, applied, simple mean, all products (%)","TM.TAX.MRCH.SM.AR.ZS","","","","","","","","","","","","","","","","","","","","","","","","","","","","","","","","5.98","12.02","","12.48","13.81","12.24","12.36","12.39","12.46","12.76","12.79","12.8","12.75","11.74","11.91","11.23","10.8","10.78","10.69","11.25","6.79","5.52","5.66","5.15","5","5.04","4.39","3.2","2.85","2.52","3.19","","",
"Comoros","COM","Tariff rate, applied, simple mean, all products (%)","TM.TAX.MRCH.SM.AR.ZS","","","","","","","","","","","","","","","","","","","","","","","","","","","","","","","","","","","","","","","","","","","","","","","","","8.88","","9.07","9.07","7.34","11.85","9.9","12","","10.8","12","12.47","12.17","12.49","","",
"Cabo Verde","CPV","Tariff rate, applied, simple mean, all products (%)","TM.TAX.MRCH.SM.AR.ZS","","","","","","","","","","","","","","","","","","","","","","","","","","","","","","","","","","","","","","","","","","","","","","15.42","15.26","15.27","15.27","15.48","14.87","15.02","14.78","15.13","","14.82","","","","14.51","13.71","13.59","","",
"Costa Rica","CRI","Tariff rate, applied, simple mean, all products (%)","TM.TAX.MRCH.SM.AR.ZS","","","","","","","","","","","","","","","","","","","","","","","","","","","","","","","","","","","","9.7","11.67","8.08","6.41","5.75","5.02","6.04","7.03","6.18","6.34","6.98","6.14","6.04","5.9","4.54","4.53","4.54","4.4","4.34","4.19","","3.81","","3.47","3.22","3.05","2.77","","",
"Caribbean small states","CSS","Tariff rate, applied, simple mean, all products (%)","TM.TAX.MRCH.SM.AR.ZS","","","","","","","","","","","","","","","","","","","","","","","","","","","","","","","","","","","","","","","","","","","","","","","","","","","","","","","","","","","","","","","","",
"Cuba","CUB","Tariff rate, applied, simple mean, all products (%)","TM.TAX.MRCH.SM.AR.ZS","","","","","","","","","","","","","","","","","","","","","","","","","","","","","","","","","","13.75","","","12.03","11.96","12.03","11.91","11.82","12.09","11.9","12.13","11.33","11.12","11.11","11.13","11.04","10.7","10.58","10.63","10.65","10.27","","9.85","10.17","9.95","","10.52","10.6","10.44","","",
"Curacao","CUW","Tariff rate, applied, simple mean, all products (%)","TM.TAX.MRCH.SM.AR.ZS","","","","","","","","","","","","","","","","","","","","","","","","","","","","","","","","","","","","","","","","","","","","","","","","","","","","","","","","","","","","","","","","",
"Cayman Islands","CYM","Tariff rate, applied, simple mean, all products (%)","TM.TAX.MRCH.SM.AR.ZS","","","","","","","","","","","","","","","","","","","","","","","","","","","","","","","","","","","","","","","","","","","","","","","","","","","","","","","","","23.03","","","","","22.79","","",
"Cyprus","CYP","Tariff rate, applied, simple mean, all products (%)","TM.TAX.MRCH.SM.AR.ZS","","","","","","","","","","","","","","","","","","","","","","","","","","","","","3.14","3.49","6.01","4.71","3.88","3.54","4.21","5.73","4.22","3.47","3.9","4.31","3.3","4.26","2.57","2.54","2.64","2.68","2.75","2.53","2.37","2.44","2.78","2.3","2.28","2.21","2.76","2.73","2.48","2.48","2.46","2.55","1.71","2.24","","",
"Czechia","CZE","Tariff rate, applied, simple mean, all products (%)","TM.TAX.MRCH.SM.AR.ZS","","","","","","","","","","","","","","","","","","","","","","","","","","","","","3.14","3.49","6.01","4.71","3.88","3.54","4.21","5.73","4.22","3.47","3.9","4.31","3.3","4.26","2.57","2.54","2.64","2.68","2.75","2.53","2.37","2.44","2.78","2.3","2.28","2.21","2.76","2.73","2.48","2.48","2.46","2.55","1.71","2.24","","",
"Germany","DEU","Tariff rate, applied, simple mean, all products (%)","TM.TAX.MRCH.SM.AR.ZS","","","","","","","","","","","","","","","","","","","","","","","","","","","","","3.14","3.49","6.01","4.71","3.88","3.54","4.21","5.73","4.22","3.47","3.9","4.31","3.3","4.26","2.57","2.54","2.64","2.68","2.75","2.53","2.37","2.44","2.78","2.3","2.28","2.21","2.76","2.73","2.48","2.48","2.46","2.55","1.71","2.24","","",
"Djibouti","DJI","Tariff rate, applied, simple mean, all products (%)","TM.TAX.MRCH.SM.AR.ZS","","","","","","","","","","","","","","","","","","","","","","","","","","","","","","","","","","","","","","","31.43","37.76","","","30.18","","","27.18","28.45","","","18.79","","19.27","19.27","","18.92","","","","","","","","","",
"Dominica","DMA","Tariff rate, applied, simple mean, all products (%)","TM.TAX.MRCH.SM.AR.ZS","","","","","","","","","","","","","","","","","","","","","","","","","","","","","","","","","","","","","21.14","17.13","17.17","18.37","16.52","14.41","14.78","14.85","","","12.26","11.9","","","13.25","10.22","10.76","11.2","","13.87","10.76","10.43","","","10.36","","","",
"Denmark","DNK","Tariff rate, applied, simple mean, all products (%)","TM.TAX.MRCH.SM.AR.ZS","","","","","","","","","","","","","","","","","","","","","","","","","","","","","3.14","3.49","6.01","4.71","3.88","3.54","4.21","5.73","4.22","3.47","3.9","4.31","3.3","4.26","2.57","2.54","2.64","2.68","2.75","2.53","2.37","2.44","2.78","2.3","2.28","2.21","2.76","2.73","2.48","2.48","2.46","2.55","1.71","2.24","","",
"Dominican Republic","DOM","Tariff rate, applied, simple mean, all products (%)","TM.TAX.MRCH.SM.AR.ZS","","","","","","","","","","","","","","","","","","","","","","","","","","","","","","","","","","","","","10.23","15.73","10.23","10.23","20.21","10.31","10.77","10.84","10.8","10.33","9.61","7.68","9.01","","7.9","9.09","9.28","9.15","","7.93","7.49","6.32","6.33","","6.06","5.53","","",
"Algeria","DZA","Tariff rate, applied, simple mean, all products (%)","TM.TAX.MRCH.SM.AR.ZS","","","","","","","","","","","","","","","","","","","","","","","","","","","","","","","","","","21.44","","","","24.73","24.03","","","22.07","19.01","18.36","","16.33","16.03","16.27","16.18","14.23","","","","","12.24","12.26","12.24","12.32","12.47","12.49","12.52","12.83","","",
"East Asia & Pacific (excluding high income)","EAP","Tariff rate, applied, simple mean, all products (%)","TM.TAX.MRCH.SM.AR.ZS","","","","","","","","","","","","","","","","","","","","","","","","","","","","","22.79","31.6","21.32","27.4","30.99","27.16","27.03","18.55","14.35","14.66","12.43","16.84","11.56","10.86","9.27","9.63","9.41","8.48","8.45","8.53","8.29","7.93","7.43","7.92","6.8","7.55","6.9","7.34","7.09","7.36","","","","","","",
"Early-demographic dividend","EAR","Tariff rate, applied, simple mean, all products (%)","TM.TAX.MRCH.SM.AR.ZS","","","","","","","","","","","","","","","","","","","","","","","","","","","","","","","","","","","","","","","","","","","","","","","","","","","","","","","","","","","","","","","","",
"East Asia & Pacific","EAS","Tariff rate, applied, simple mean, all products (%)","TM.TAX.MRCH.SM.AR.ZS","","","","","","","","","","","","","","","","","","","","","","","","","","","","","13.11","16.21","13.85","19.23","15.67","19.46","19.31","10.24","8.02","8.19","7.12","9.3","7.25","7.18","6.3","6.7","6.51","5.98","6.02","5.92","5.91","5.68","5.57","5.64","4.96","5.33","4.44","4.87","5.16","4.53","","","","","","",
"Europe & Central Asia (excluding high income)","ECA","Tariff rate, applied, simple mean, all products (%)","TM.TAX.MRCH.SM.AR.ZS","","","","","","","","","","","","","","","","","","","","","","","","","","","","","","","","19.08","","8.01","11.11","6.74","8.58","9.38","6.43","8.19","7.76","8.13","8.12","4.93","6.38","7.3","4.97","6.26","5.75","5.42","4.71","4.78","5.34","5.5","5.5","4.22","3.94","3.57","","","","","","",
"Europe & Central Asia","ECS","Tariff rate, applied, simple mean, all products (%)","TM.TAX.MRCH.SM.AR.ZS","","","","","","","","","","","","","","","","","","","","","","","","","","","","","4.4","5.36","10.15","11.94","11.46","6.7","11.11","8.11","7.46","7.91","5.79","5.64","5.71","6.59","6.33","4.6","5.28","6.14","4.67","5.22","4.9","4.71","4.24","4.44","4.86","4.78","5","4.2","3.96","3.77","","","","","","",
"Ecuador","ECU","Tariff rate, applied, simple mean, all products (%)","TM.TAX.MRCH.SM.AR.ZS","","","","","","","","","","","","","","","","","","","","","","","","","","","","","","","","","","9.29","11.91","12.48","11.72","11.45","11.89","13.62","11.71","12.03","12.02","11.85","11.6","11.82","9.82","10.03","9.02","7.99","9.15","7.44","7.27","","6.95","10.5","10.97","9.42","9.48","9.8","8.88","7.7","","",
"Egypt, Arab Rep.","EGY","Tariff rate, applied, simple mean, all products (%)","TM.TAX.MRCH.SM.AR.ZS","","","","","","","","","","","","","","","","","","","","","","","","","","","","","","","","","","","","24.53","","","19.68","25.08","25.09","25.1","40.91","23.41","17.53","14.23","16.92","14.63","12.5","12.19","10.99","10.33","9.8","9.27","7.85","7.52","8.08","10.14","9.57","14.43","","","","",
"Euro area","EMU","Tariff rate, applied, simple mean, all products (%)","TM.TAX.MRCH.SM.AR.ZS","","","","","","","","","","","","","","","","","","","","","","","","","","","","","","","","","","","","","","","","","","","","","","","","","","","","","","","","","","","","","","","","",
"Eritrea","ERI","Tariff rate, applied, simple mean, all products (%)","TM.TAX.MRCH.SM.AR.ZS","","","","","","","","","","","","","","","","","","","","","","","","","","","","","","","","","","","","","","","","","","","10.1","","","","9.56","","","","","","","","","","","","","","","","","",
"Spain","ESP","Tariff rate, applied, simple mean, all products (%)","TM.TAX.MRCH.SM.AR.ZS","","","","","","","","","","","","","","","","","","","","","","","","","","","","","3.14","3.49","6.01","4.71","3.88","3.54","4.21","5.73","4.22","3.47","3.9","4.31","3.3","4.26","2.57","2.54","2.64","2.68","2.75","2.53","2.37","2.44","2.78","2.3","2.28","2.21","2.76","2.73","2.48","2.48","2.46","2.55","1.71","2.24","","",
"Estonia","EST","Tariff rate, applied, simple mean, all products (%)","TM.TAX.MRCH.SM.AR.ZS","","","","","","","","","","","","","","","","","","","","","","","","","","","","","3.14","3.49","6.01","4.71","3.88","3.54","4.21","5.73","4.22","3.47","3.9","4.31","3.3","4.26","2.57","2.54","2.64","2.68","2.75","2.53","2.37","2.44","2.78","2.3","2.28","2.21","2.76","2.73","2.48","2.48","2.46","2.55","1.71","2.24","","",
"Ethiopia","ETH","Tariff rate, applied, simple mean, all products (%)","TM.TAX.MRCH.SM.AR.ZS","","","","","","","","","","","","","","","","","","","","","","","","","","","","","","","","","","","","29.41","","","","","","19.51","19.65","","","","18.6","","18.18","18.24","18.19","18.22","18.15","","","17.87","","","17.83","","","18.49","","",
"European Union","EUU","Tariff rate, applied, simple mean, all products (%)","TM.TAX.MRCH.SM.AR.ZS","","","","","","","","","","","","","","","","","","","","","","","","","","","","","3.14","3.49","6.01","4.71","3.88","3.54","4.21","5.73","4.22","3.47","3.9","4.31","3.3","4.26","2.57","2.54","2.64","2.68","2.75","2.53","2.37","2.44","2.78","2.3","2.28","2.21","2.76","2.73","2.48","2.48","2.46","2.55","1.71","2.24","","",
"Fragile and conflict affected situations","FCS","Tariff rate, applied, simple mean, all products (%)","TM.TAX.MRCH.SM.AR.ZS","","","","","","","","","","","","","","","","","","","","","","","","","","","","","","","","","","","","","","","","","","","","","","","","","","","","","","","","","","","","","","","","",
"Finland","FIN","Tariff rate, applied, simple mean, all products (%)","TM.TAX.MRCH.SM.AR.ZS","","","","","","","","","","","","","","","","","","","","","","","","","","","","","3.14","3.49","6.01","4.71","3.88","3.54","4.21","5.73","4.22","3.47","3.9","4.31","3.3","4.26","2.57","2.54","2.64","2.68","2.75","2.53","2.37","2.44","2.78","2.3","2.28","2.21","2.76","2.73","2.48","2.48","2.46","2.55","1.71","2.24","","",
"Fiji","FJI","Tariff rate, applied, simple mean, all products (%)","TM.TAX.MRCH.SM.AR.ZS","","","","","","","","","","","","","","","","","","","","","","","","","","","","","","","","","","","","","","","","","","","","9.62","10.51","","11.05","11.57","13.33","13.43","13.97","17.76","14.16","14.36","","11.96","","14.19","15.57","20.84","14.97","7.84","","",
"France","FRA","Tariff rate, applied, simple mean, all products (%)","TM.TAX.MRCH.SM.AR.ZS","","","","","","","","","","","","","","","","","","","","","","","","","","","","","3.14","3.49","6.01","4.71","3.88","3.54","4.21","5.73","4.22","3.47","3.9","4.31","3.3","4.26","2.57","2.54","2.64","2.68","2.75","2.53","2.37","2.44","2.78","2.3","2.28","2.21","2.76","2.73","2.48","2.48","2.46","2.55","1.71","2.24","","",
"Faroe Islands","FRO","Tariff rate, applied, simple mean, all products (%)","TM.TAX.MRCH.SM.AR.ZS","","","","","","","","","","","","","","","","","","","","","","","","","","","","","","","","","","","","","","","","","","","","","","","","","","","","","","","","","","","","","","","","",
"Micronesia, Fed. Sts.","FSM","Tariff rate, applied, simple mean, all products (%)","TM.TAX.MRCH.SM.AR.ZS","","","","","","","","","","","","","","","","","","","","","","","","","","","","","","","","","","","","","","","","","","","","","","","","","","","","","","","","","","","","","","","","",
"Gabon","GAB","Tariff rate, applied, simple mean, all products (%)","TM.TAX.MRCH.SM.AR.ZS","","","","","","","","","","","","","","","","","","","","","","","","","","","","","","","","","","","","20.29","","","19.85","","19.79","19.68","18.92","19.84","19.84","19.65","","18.71","18.73","18.48","18.51","18.57","18.58","18.6","","17.8","18.89","","","18.65","","","","",
"United Kingdom","GBR","Tariff rate, applied, simple mean, all products (%)","TM.TAX.MRCH.SM.AR.ZS","","","","","","","","","","","","","","","","","","","","","","","","","","","","","","","","","","","","","","","","","3.31","4.26","2.87","2.8","2.86","3.05","3.05","2.83","2.66","2.69","3.02","2.5","2.51","2.47","2.93","2.9","2.68","2.62","2.44","2.55","1.88","1","","",
"Georgia","GEO","Tariff rate, applied, simple mean, all products (%)","TM.TAX.MRCH.SM.AR.ZS","","","","","","","","","","","","","","","","","","","","","","","","","","","","","","","","","","","","","","","","9.86","","9.77","9.95","7.74","7.56","6.99","5.65","0.63","0.6","0.51","0.5","1.2","1.32","1.22","","0.43","1.23","","","","0.27","0.43","","",
"Ghana","GHA","Tariff rate, applied, simple mean, all products (%)","TM.TAX.MRCH.SM.AR.ZS","","","","","","","","","","","","","","","","","","","","","","","","","","","","","","","","","","13.64","","","","","","","14.26","12.52","12.52","12.52","","","","13.03","12.97","12.96","12.88","","","12.49","","","12.3","12.33","12.39","12.44","12.84","12.84","","",
"Gibraltar","GIB","Tariff rate, applied, simple mean, all products (%)","TM.TAX.MRCH.SM.AR.ZS","","","","","","","","","","","","","","","","","","","","","","","","","","","","","","","","","","","","","","","","","","","","","","","","","","","","","","","","","","","","","","","","",
"Guinea","GIN","Tariff rate, applied, simple mean, all products (%)","TM.TAX.MRCH.SM.AR.ZS","","","","","","","","","","","","","","","","","","","","","","","","","","","","","","","","","","","","","","","6.24","","","","","","6.26","14.07","","","13.52","13.32","13.5","","13.52","","","","","13.26","13.08","12.67","13.15","13.14","","",
"Gambia, The","GMB","Tariff rate, applied, simple mean, all products (%)","TM.TAX.MRCH.SM.AR.ZS","","","","","","","","","","","","","","","","","","","","","","","","","","","","","","","","","","","","","","","","","","","","13.82","","","","18.7","18.73","18.82","15.54","15.58","15.58","15.6","","","","","14.25","","13.85","14.02","","",
"Guinea-Bissau","GNB","Tariff rate, applied, simple mean, all products (%)","TM.TAX.MRCH.SM.AR.ZS","","","","","","","","","","","","","","","","","","","","","","","","","","","","","","","","","","","","","","","","","","15.34","15.34","13.98","14.23","14.03","13.08","13.92","13.49","13.26","13.23","13.16","13.36","13.92","13.39","","","14.44","14.3","12.66","13.2","13.23","","",
"Equatorial Guinea","GNQ","Tariff rate, applied, simple mean, all products (%)","TM.TAX.MRCH.SM.AR.ZS","","","","","","","","","","","","","","","","","","","","","","","","","","","","","","","","","","","","","","","19.45","","","19.34","19.32","","","19.13","","18.65","","","","","","","","","","","","","","","","",
"Greece","GRC","Tariff rate, applied, simple mean, all products (%)","TM.TAX.MRCH.SM.AR.ZS","","","","","","","","","","","","","","","","","","","","","","","","","","","","","3.14","3.49","6.01","4.71","3.88","3.54","4.21","5.73","4.22","3.47","3.9","4.31","3.3","4.26","2.57","2.54","2.64","2.68","2.75","2.53","2.37","2.44","2.78","2.3","2.28","2.21","2.76","2.73","2.48","2.48","2.46","2.55","1.71","2.24","","",
"Grenada","GRD","Tariff rate, applied, simple mean, all products (%)","TM.TAX.MRCH.SM.AR.ZS","","","","","","","","","","","","","","","","","","","","","","","","","","","","","","","","","","","","","21.37","","","18.57","12.79","18.46","12.99","12.89","","","10.58","10.53","10.61","","9.07","11.57","10.98","10.99","","11.23","10.81","","","10.55","","","","",
"Greenland","GRL","Tariff rate, applied, simple mean, all products (%)","TM.TAX.MRCH.SM.AR.ZS","","","","","","","","","","","","","","","","","","","","","","","","","","","","","","","","","","","","","","","","","","","","","","","","","","","","","","","","","","","","","","","","",
"Guatemala","GTM","Tariff rate, applied, simple mean, all products (%)","TM.TAX.MRCH.SM.AR.ZS","","","","","","","","","","","","","","","","","","","","","","","","","","","","","","","","","","","","9.68","","8.35","7.69","7.12","6.87","7.16","6.91","6.41","5.2","6.69","6.55","5.36","4.45","5.01","4.09","3.99","3.86","3.83","3.51","3.33","","","","","2.6","3","","",
"Guam","GUM","Tariff rate, applied, simple mean, all products (%)","TM.TAX.MRCH.SM.AR.ZS","","","","","","","","","","","","","","","","","","","","","","","","","","","","","","","","","","","","","","","","","","","","","","","","","","","","","","","","","","","","","","","","",
"Guyana","GUY","Tariff rate, applied, simple mean, all products (%)","TM.TAX.MRCH.SM.AR.ZS","","","","","","","","","","","","","","","","","","","","","","","","","","","","","","","","","","","","","21.17","","","18.5","18.58","12","12.07","12.07","","","11.38","12.36","10.35","11.92","10.25","9.76","9.74","10.63","","9.82","9.85","9.77","9.87","9.48","9.4","9.28","","",
"High income","HIC","Tariff rate, applied, simple mean, all products (%)","TM.TAX.MRCH.SM.AR.ZS","","","","","","","","","","","","","","","","","","","","","","","","","","","","","5.27","6.62","8.37","10.3","8.92","7.42","8.87","7.2","6.75","6.26","6.03","6.67","6.47","6.44","5.69","5.24","5.08","4.68","4.85","4.58","4.39","4.42","4.81","4.85","4.45","4.51","4.02","4.1","4.53","3.85","","","","","","",
"Hong Kong SAR, China","HKG","Tariff rate, applied, simple mean, all products (%)","TM.TAX.MRCH.SM.AR.ZS","","","","","","","","","","","","","","","","","","","","","","","","","","","","","0","","","","","","","","0","0","0","0","0","0","0","0","0","0","0","0","0","0","0","0","0","0","0","0","0","0","0","0","0","0","","",
"Honduras","HND","Tariff rate, applied, simple mean, all products (%)","TM.TAX.MRCH.SM.AR.ZS","","","","","","","","","","","","","","","","","","","","","","","","","","","","","","","","","","","","9.59","7.21","9.23","8.04","7.96","8.1","7.84","6.69","6.67","5.54","6.69","6.56","5.4","4.73","6.55","6.53","6.51","6.38","6.36","","4.32","","","4.01","","3.9","3.36","","",
"Heavily indebted poor countries (HIPC)","HPC","Tariff rate, applied, simple mean, all products (%)","TM.TAX.MRCH.SM.AR.ZS","","","","","","","","","","","","","","","","","","","","","","","","","","","","","","","","","","","","","","","","","","","","","","","","","","","","","","","","","","","","","","","","",
"Croatia","HRV","Tariff rate, applied, simple mean, all products (%)","TM.TAX.MRCH.SM.AR.ZS","","","","","","","","","","","","","","","","","","","","","","","","","","","","","3.14","3.49","6.01","4.71","3.88","3.54","4.21","5.73","4.22","3.47","3.9","4.31","3.3","4.26","2.57","2.54","2.64","2.68","2.75","2.53","2.37","2.44","2.78","2.3","2.28","2.21","2.76","2.73","2.48","2.48","2.46","2.55","1.71","2.24","","",
"Haiti","HTI","Tariff rate, applied, simple mean, all products (%)","TM.TAX.MRCH.SM.AR.ZS","","","","","","","","","","","","","","","","","","","","","","","","","","","","","","","","","","","","","","","","","","3.08","3.29","","","","","3.15","3.03","3.34","7.13","6.48","2.87","6.21","6.21","5.97","6.33","","","","6.39","","","",
"Hungary","HUN","Tariff rate, applied, simple mean, all products (%)","TM.TAX.MRCH.SM.AR.ZS","","","","","","","","","","","","","","","","","","","","","","","","","","","","","3.14","3.49","6.01","4.71","3.88","3.54","4.21","5.73","4.22","3.47","3.9","4.31","3.3","4.26","2.57","2.54","2.64","2.68","2.75","2.53","2.37","2.44","2.78","2.3","2.28","2.21","2.76","2.73","2.48","2.48","2.46","2.55","1.71","2.24","","",
"IBRD only","IBD","Tariff rate, applied, simple mean, all products (%)","TM.TAX.MRCH.SM.AR.ZS","","","","","","","","","","","","","","","","","","","","","","","","","","","","","","","","","","","","","","","","","","","","","","","","","","","","","","","","","","","","","","","","",
"IDA & IBRD total","IBT","Tariff rate, applied, simple mean, all products (%)","TM.TAX.MRCH.SM.AR.ZS","","","","","","","","","","","","","","","","","","","","","","","","","","","","","","","","","","","","","","","","","","","","","","","","","","","","","","","","","","","","","","","","",
"IDA total","IDA","Tariff rate, applied, simple mean, all products (%)","TM.TAX.MRCH.SM.AR.ZS","","","","","","","","","","","","","","","","","","","","","","","","","","","","","","","","","","","","","","","","","","","","","","","","","","","","","","","","","","","","","","","","",
"IDA blend","IDB","Tariff rate, applied, simple mean, all products (%)","TM.TAX.MRCH.SM.AR.ZS","","","","","","","","","","","","","","","","","","","","","","","","","","","","","","","","","","","","","","","","","","","","","","","","","","","","","","","","","","","","","","","","",
"Indonesia","IDN","Tariff rate, applied, simple mean, all products (%)","TM.TAX.MRCH.SM.AR.ZS","","","","","","","","","","","","","","","","","","","","","","","","","","","","","","24.78","23.15","","","16.74","","14.01","10.76","20.57","7.93","9.86","8.02","6.13","6.28","5.74","5.81","5.78","5.82","5.57","6.84","4.96","5.18","5.3","5.43","5.37","","","6.31","5.86","6.25","6.71","6.29","6.02","","",
"IDA only","IDX","Tariff rate, applied, simple mean, all products (%)","TM.TAX.MRCH.SM.AR.ZS","","","","","","","","","","","","","","","","","","","","","","","","","","","","","","","","","","","","","","","","","","","","","","","","","","","","","","","","","","","","","","","","",
"Isle of Man","IMN","Tariff rate, applied, simple mean, all products (%)","TM.TAX.MRCH.SM.AR.ZS","","","","","","","","","","","","","","","","","","","","","","","","","","","","","","","","","","","","","","","","","","","","","","","","","","","","","","","","","","","","","","","","",
"India","IND","Tariff rate, applied, simple mean, all products (%)","TM.TAX.MRCH.SM.AR.ZS","","","","","","","","","","","","","","","","","","","","","","","","","","","","","","","80.85","","56.02","","","","37","28.9","","32.4","33.4","31.79","28.79","25.63","28.57","16.5","13.86","14.66","9.98","10.28","8.88","10.56","10.71","10.59","","9.75","8.91","8.88","9.03","10.21","9.42","9.86","","",
"Not classified","INX","Tariff rate, applied, simple mean, all products (%)","TM.TAX.MRCH.SM.AR.ZS","","","","","","","","","","","","","","","","","","","","","","","","","","","","","","","","","","","","","","","","","","","","","","","","","","","","","","","","","","","","","","","","",
"Ireland","IRL","Tariff rate, applied, simple mean, all products (%)","TM.TAX.MRCH.SM.AR.ZS","","","","","","","","","","","","","","","","","","","","","","","","","","","","","3.14","3.49","6.01","4.71","3.88","3.54","4.21","5.73","4.22","3.47","3.9","4.31","3.3","4.26","2.57","2.54","2.64","2.68","2.75","2.53","2.37","2.44","2.78","2.3","2.28","2.21","2.76","2.73","2.48","2.48","2.46","2.55","1.71","2.24","","",
"Iran, Islamic Rep.","IRN","Tariff rate, applied, simple mean, all products (%)","TM.TAX.MRCH.SM.AR.ZS","","","","","","","","","","","","","","","","","","","","","","","","","","","","","","","","","","","","","","","","","37.47","","","19.03","18.73","","","21.3","20.53","","","20.92","","","","","","","","16.18","15.22","","","",
"Iraq","IRQ","Tariff rate, applied, simple mean, all products (%)","TM.TAX.MRCH.SM.AR.ZS","","","","","","","","","","","","","","","","","","","","","","","","","","","","","","","","","","","","","","","","","","","","","","","","","","","","","","","","","","","","","","","","",
"Iceland","ISL","Tariff rate, applied, simple mean, all products (%)","TM.TAX.MRCH.SM.AR.ZS","","","","","","","","","","","","","","","","","","","","","","","","","","","","","","","","","","3.6","","","5.06","","7.41","6.73","7.94","6.26","","7.32","7.09","7.59","3.86","3.95","3.55","2.79","2.55","2.59","2.6","2.6","2.46","2.22","1.71","1.29","","1.17","","1.53","","",
"Israel","ISR","Tariff rate, applied, simple mean, all products (%)","TM.TAX.MRCH.SM.AR.ZS","","","","","","","","","","","","","","","","","","","","","","","","","","","","","","","","","","7.48","","","","","","12.27","8.8","6.43","6.22","6.09","2.56","2.66","4.91","2.45","2.69","5.86","","4.95","1.89","1.77","1.78","4.03","3.84","1.89","","","","3.23","","",
"Italy","ITA","Tariff rate, applied, simple mean, all products (%)","TM.TAX.MRCH.SM.AR.ZS","","","","","","","","","","","","","","","","","","","","","","","","","","","","","3.14","3.49","6.01","4.71","3.88","3.54","4.21","5.73","4.22","3.47","3.9","4.31","3.3","4.26","2.57","2.54","2.64","2.68","2.75","2.53","2.37","2.44","2.78","2.3","2.28","2.21","2.76","2.73","2.48","2.48","2.46","2.55","1.71","2.24","","",
"Jamaica","JAM","Tariff rate, applied, simple mean, all products (%)","TM.TAX.MRCH.SM.AR.ZS","","","","","","","","","","","","","","","","","","","","","","","","","","","","","","","","","","","","","21.07","","","18.19","9.21","9.21","9.47","9.56","9.49","","9.15","9.32","","","8.38","8.37","11.14","10.88","","9.7","10.28","","","","9","8.95","","",
"Jordan","JOR","Tariff rate, applied, simple mean, all products (%)","TM.TAX.MRCH.SM.AR.ZS","","","","","","","","","","","","","","","","","","","","","","","","","","","","","","","","","","","","","","","","","23.82","16.45","16.62","14.48","14.19","12.29","10.87","10.7","10.62","9.74","11.63","11.76","11.33","11.29","5.95","5.87","5.72","4.84","","","5.23","","","",
"Japan","JPN","Tariff rate, applied, simple mean, all products (%)","TM.TAX.MRCH.SM.AR.ZS","","","","","","","","","","","","","","","","","","","","","","","","","","","","","4.55","4.41","4","3.97","3.97","4.03","4.12","4.04","4.25","4.01","3.89","3.88","4.25","4.43","4.41","4.25","4.17","4.05","4.35","4.11","3.92","3.93","3.63","3.84","3.8","2.33","3.77","3.52","3.51","3.69","3.77","5.91","2.31","2.18","","",
"Kazakhstan","KAZ","Tariff rate, applied, simple mean, all products (%)","TM.TAX.MRCH.SM.AR.ZS","","","","","","","","","","","","","","","","","","","","","","","","","","","","","","","","","","","","","","","","","","","","","2.42","","","","4.48","","7.56","7.43","7.49","7.62","6.95","6.91","5.12","4.79","4.64","5.39","4.17","4.48","","",
"Kenya","KEN","Tariff rate, applied, simple mean, all products (%)","TM.TAX.MRCH.SM.AR.ZS","","","","","","","","","","","","","","","","","","","","","","","","","","","","","","","","","","","31.23","","","","","17.57","20.9","20.45","16.84","","16.66","12.42","12.32","12.13","12.09","12.17","12.55","12.41","12.05","11.72","11.88","11.96","12.11","","12.56","13.08","13.69","14.12","","",
"Kyrgyz Republic","KGZ","Tariff rate, applied, simple mean, all products (%)","TM.TAX.MRCH.SM.AR.ZS","","","","","","","","","","","","","","","","","","","","","","","","","","","","","","","","","","","","0","","","","","4.66","4.55","8.17","4.28","","","3","2.9","3.16","3.06","3.26","3.31","3.31","3.31","3.28","5.53","4.63","4.12","3.88","5.57","3.85","4.39","","",
"Cambodia","KHM","Tariff rate, applied, simple mean, all products (%)","TM.TAX.MRCH.SM.AR.ZS","","","","","","","","","","","","","","","","","","","","","","","","","","","","","","","","","","","","","","","","","","16.74","16.28","16.26","","14.09","13.73","12.42","12.36","","13.16","12.26","12.36","","8.04","","12.45","","","","8.2","7.72","","",
"Kiribati","KIR","Tariff rate, applied, simple mean, all products (%)","TM.TAX.MRCH.SM.AR.ZS","","","","","","","","","","","","","","","","","","","","","","","","","","","","","","","","","","","","","","","","","","","","","","","","","","","","","","","","","","","","","","","","",
"St. Kitts and Nevis","KNA","Tariff rate, applied, simple mean, all products (%)","TM.TAX.MRCH.SM.AR.ZS","","","","","","","","","","","","","","","","","","","","","","","","","","","","","","","","","","","","","21.98","","","18.98","14.34","14.46","14.54","14.9","","","12.88","12.33","12.24","14.02","12.16","11.84","11.64","11.64","11.65","11.66","11.68","13.54","13.59","14.3","10.03","","","",
"Korea, Rep.","KOR","Tariff rate, applied, simple mean, all products (%)","TM.TAX.MRCH.SM.AR.ZS","","","","","","","","","","","","","","","","","","","","","","","","","","","","","18.83","14.89","12.98","","11.18","","","8.27","9.83","9.72","10.25","8.54","9.84","9.91","9.58","9.49","9.12","9.12","9.2","8.36","9.76","9.97","10.12","10.36","10.18","10.33","5.98","6.05","11.12","5.36","5.23","","5.29","5","","",
"Kuwait","KWT","Tariff rate, applied, simple mean, all products (%)","TM.TAX.MRCH.SM.AR.ZS","","","","","","","","","","","","","","","","","","","","","","","","","","","","","","","","","","","","","","","","","","","3.46","4.82","4.82","4.31","4.29","3.99","4.03","3.5","4.62","4.62","4.25","4.49","3.9","3.86","3.86","3.88","3.9","3.9","3.84","3.86","","",
"Latin America & Caribbean (excluding high income)","LAC","Tariff rate, applied, simple mean, all products (%)","TM.TAX.MRCH.SM.AR.ZS","","","","","","","","","","","","","","","","","","","","","","","","","","","","","","42.92","33.5","16.55","14.36","13.37","11.86","11.96","13.11","12.27","12.23","12.61","12.52","11.65","11.09","11.03","9.43","9.31","8.56","8.33","7.93","7.78","8.42","7.87","7.86","7.97","6.98","7.4","8.42","6.86","","","","","","",
"Lao PDR","LAO","Tariff rate, applied, simple mean, all products (%)","TM.TAX.MRCH.SM.AR.ZS","","","","","","","","","","","","","","","","","","","","","","","","","","","","","","","","","","","","","","","","","9.36","9.7","","","8.63","6.87","6.17","5.57","9.25","","","","","","4.01","2.79","2.03","1.95","1.75","2.72","2.72","2.49","","",
"Lebanon","LBN","Tariff rate, applied, simple mean, all products (%)","TM.TAX.MRCH.SM.AR.ZS","","","","","","","","","","","","","","","","","","","","","","","","","","","","","","","","","","","","","","","","13.94","19.52","8.41","10.28","","7.11","8.78","6.35","7.72","","","","","","","5.88","5.86","5.3","3.46","5.01","4.97","5.08","","","",
"Liberia","LBR","Tariff rate, applied, simple mean, all products (%)","TM.TAX.MRCH.SM.AR.ZS","","","","","","","","","","","","","","","","","","","","","","","","","","","","","","","","","","","","","","","","","","","","","","","","","","","","","9.86","9.75","9.67","","","","9.58","","13.92","14.09","","",
"Libya","LBY","Tariff rate, applied, simple mean, all products (%)","TM.TAX.MRCH.SM.AR.ZS","","","","","","","","","","","","","","","","","","","","","","","","","","","","","","","","","","","","","26.57","","","","","","22.91","","","","0","","","","","","","","","","","","","","4.84","4.46","","",
"St. Lucia","LCA","Tariff rate, applied, simple mean, all products (%)","TM.TAX.MRCH.SM.AR.ZS","","","","","","","","","","","","","","","","","","","","","","","","","","","","","","","","","","","","","21.95","","","18.58","18.62","12.36","12.84","12.8","","12.66","9.68","9.26","","","13.29","13.38","11.06","11.75","8.75","8.16","8.7","","","8.71","8.93","","","",
"Latin America & Caribbean","LCN","Tariff rate, applied, simple mean, all products (%)","TM.TAX.MRCH.SM.AR.ZS","","","","","","","","","","","","","","","","","","","","","","","","","","","","","","42.92","33.5","16.78","14.66","13.37","11.86","11.96","13.29","12.27","12.23","13.12","12.71","11.77","11.44","11.19","9.66","9.34","8.98","8.55","8","7.84","8.87","8.39","8.07","8.33","7.35","7.71","8.9","6.98","","","","","","",
"Least developed countries: UN classification","LDC","Tariff rate, applied, simple mean, all products (%)","TM.TAX.MRCH.SM.AR.ZS","","","","","","","","","","","","","","","","","","","","","","","","","","","","","","","","","","","","","","","","","","","","","","","","","","","","","","","","","","","","","","","","",
"Low income","LIC","Tariff rate, applied, simple mean, all products (%)","TM.TAX.MRCH.SM.AR.ZS","","","","","","","","","","","","","","","","","","","","","","","","","","","","","","","","","","18.05","21.78","15.2","24.03","20.18","17.13","20.09","13.41","12.94","13.68","12.88","11.07","13.87","13.18","13.08","13.37","12.14","12.78","12.32","12.16","11.55","11.16","12.09","10.87","10.96","","","","","","",
"Liechtenstein","LIE","Tariff rate, applied, simple mean, all products (%)","TM.TAX.MRCH.SM.AR.ZS","","","","","","","","","","","","","","","","","","","","","","","","","","","","","","","","","","","","","","","","","","","","","","","","","","","","","","","","","","","","","","","","",
"Sri Lanka","LKA","Tariff rate, applied, simple mean, all products (%)","TM.TAX.MRCH.SM.AR.ZS","","","","","","","","","","","","","","","","","","","","","","","","","","","","","","","26.38","","","23.9","24.51","","","20.19","11.16","","9.72","9.61","","9.62","10.57","11.73","11.4","11.08","10.95","10.77","9.79","9.97","9.94","","9.33","7.87","","10.35","12.06","16.38","8.84","5.73","","",
"Lower middle income","LMC","Tariff rate, applied, simple mean, all products (%)","TM.TAX.MRCH.SM.AR.ZS","","","","","","","","","","","","","","","","","","","","","","","","","","","","","","","","","","","","","","","","","","","","","","","","","","","","","","","","","","","","","","","","",
"Low & middle income","LMY","Tariff rate, applied, simple mean, all products (%)","TM.TAX.MRCH.SM.AR.ZS","","","","","","","","","","","","","","","","","","","","","","","","","","","","","27.57","33.85","33.33","","32.31","23.36","28.38","22.36","14.35","16.48","17.5","17.35","17.05","15.31","16.62","14.5","13.24","11.45","10.87","9.97","9.5","9.49","9.36","9.33","8.36","8.17","8.74","7.61","8.27","6.84","","","","","","",
"Lesotho","LSO","Tariff rate, applied, simple mean, all products (%)","TM.TAX.MRCH.SM.AR.ZS","","","","","","","","","","","","","","","","","","","","","","","","","","","","","","","","","","","","","","","","","","0.78","","","9.97","11.97","10.91","9.4","10.2","9.88","10.73","10.41","9.26","2.6","3.18","3.6","3.11","2.35","6.03","7.45","5.81","6.01","","",
"Late-demographic dividend","LTE","Tariff rate, applied, simple mean, all products (%)","TM.TAX.MRCH.SM.AR.ZS","","","","","","","","","","","","","","","","","","","","","","","","","","","","","","","","","","","","","","","","","","","","","","","","","","","","","","","","","","","","","","","","",
"Lithuania","LTU","Tariff rate, applied, simple mean, all products (%)","TM.TAX.MRCH.SM.AR.ZS","","","","","","","","","","","","","","","","","","","","","","","","","","","","","3.14","3.49","6.01","4.71","3.88","3.54","4.21","5.73","4.22","3.47","3.9","4.31","3.3","4.26","2.57","2.54","2.64","2.68","2.75","2.53","2.37","2.44","2.78","2.3","2.28","2.21","2.76","2.73","2.48","2.48","2.46","2.55","1.71","2.24","","",
"Luxembourg","LUX","Tariff rate, applied, simple mean, all products (%)","TM.TAX.MRCH.SM.AR.ZS","","","","","","","","","","","","","","","","","","","","","","","","","","","","","3.14","3.49","6.01","4.71","3.88","3.54","4.21","5.73","4.22","3.47","3.9","4.31","3.3","4.26","2.57","2.54","2.64","2.68","2.75","2.53","2.37","2.44","2.78","2.3","2.28","2.21","2.76","2.73","2.48","2.48","2.46","2.55","1.71","2.24","","",
"Latvia","LVA","Tariff rate, applied, simple mean, all products (%)","TM.TAX.MRCH.SM.AR.ZS","","","","","","","","","","","","","","","","","","","","","","","","","","","","","3.14","3.49","6.01","4.71","3.88","3.54","4.21","5.73","4.22","3.47","3.9","4.31","3.3","4.26","2.57","2.54","2.64","2.68","2.75","2.53","2.37","2.44","2.78","2.3","2.28","2.21","2.76","2.73","2.48","2.48","2.46","2.55","1.71","2.24","","",
"Macao SAR, China","MAC","Tariff rate, applied, simple mean, all products (%)","TM.TAX.MRCH.SM.AR.ZS","","","","","","","","","","","","","","","","","","","","","","","","","","","","","","","","","","","","","0","0","0","0","0","0","0","0","0","0","0","0","0","0","0","0","0","0","0","0","0","0","0","0","0","0","","",
"St. Martin (French part)","MAF","Tariff rate, applied, simple mean, all products (%)","TM.TAX.MRCH.SM.AR.ZS","","","","","","","","","","","","","","","","","","","","","","","","","","","","","","","","","","","","","","","","","","","","","","","","","","","","","","","","","","","","","","","","",
"Morocco","MAR","Tariff rate, applied, simple mean, all products (%)","TM.TAX.MRCH.SM.AR.ZS","","","","","","","","","","","","","","","","","","","","","","","","","","","","","","","","","","64.07","","","","20.6","","","29.53","29.08","28.81","28.49","","19.23","15.73","13.3","11.89","9.16","16.97","14.08","4.83","","4.32","4.35","4.3","4.34","","4.33","4.33","5.73","","",
"Monaco","MCO","Tariff rate, applied, simple mean, all products (%)","TM.TAX.MRCH.SM.AR.ZS","","","","","","","","","","","","","","","","","","","","","","","","","","","","","","","","","","","","","","","","","","","","","","","","","","","","","","","","","","","","","","","","",
"Moldova","MDA","Tariff rate, applied, simple mean, all products (%)","TM.TAX.MRCH.SM.AR.ZS","","","","","","","","","","","","","","","","","","","","","","","","","","","","","","","","","","","","","5.75","","","","4.94","5.11","","5.21","5.29","5.32","4.37","4.77","4.4","5.12","4.57","5.02","4.55","8.3","4.61","5.41","5.34","","","","2.19","2.34","","",
"Madagascar","MDG","Tariff rate, applied, simple mean, all products (%)","TM.TAX.MRCH.SM.AR.ZS","","","","","","","","","","","","","","","","","","","","","","","","","","","","","","","","","","","","7.49","7.63","7.63","6.52","","6.1","5.33","5.61","5.14","3.76","11.37","13.33","12.11","12.13","10.73","10.56","10.93","10.96","10.96","10.69","10.94","10.26","6.91","9.25","8.89","8.27","8.53","","",
"Maldives","MDV","Tariff rate, applied, simple mean, all products (%)","TM.TAX.MRCH.SM.AR.ZS","","","","","","","","","","","","","","","","","","","","","","","","","","","","","","","","","","","","","","","","","21.38","21.23","21.26","21.18","21.14","21.39","21.4","","21.5","21.57","21.98","22.11","11.09","10.98","10.66","11.58","11.41","11.14","11.69","13.25","11.73","10.43","","",
"Middle East & North Africa","MEA","Tariff rate, applied, simple mean, all products (%)","TM.TAX.MRCH.SM.AR.ZS","","","","","","","","","","","","","","","","","","","","","","","","","","","","","","","28.07","","21.31","30.15","12.32","27.19","26.57","15.47","25.03","15.23","18.61","15.06","15.52","12.47","9.49","8.17","8.84","7.25","9.37","8.37","9.94","8.32","6.2","5.46","5.03","5.11","5.28","5.05","","","","","","",
"Mexico","MEX","Tariff rate, applied, simple mean, all products (%)","TM.TAX.MRCH.SM.AR.ZS","","","","","","","","","","","","","","","","","","","","","","","","","","","","","","","","14.29","","","","12.36","14.59","14.76","14.72","15.96","17.97","18.08","15.29","18.32","10.21","9.2","8.04","6.4","6.25","5.28","7.73","7.49","6.82","6.5","3.02","6.07","6.17","2.97","3.28","","","","","",
"Marshall Islands","MHL","Tariff rate, applied, simple mean, all products (%)","TM.TAX.MRCH.SM.AR.ZS","","","","","","","","","","","","","","","","","","","","","","","","","","","","","","","","","","","","","","","","","","","","","","","","","","","","","","","","","","","","","","","","",
"Middle income","MIC","Tariff rate, applied, simple mean, all products (%)","TM.TAX.MRCH.SM.AR.ZS","","","","","","","","","","","","","","","","","","","","","","","","","","","","","","","","","","","","","","","","","","","","","","","","","","","","","","","","","","","","","","","","",
"North Macedonia","MKD","Tariff rate, applied, simple mean, all products (%)","TM.TAX.MRCH.SM.AR.ZS","","","","","","","","","","","","","","","","","","","","","","","","","","","","","","","","","","","","","","","","","","10.13","9.45","","10.88","4.26","5.54","8.57","5.17","4.33","3.63","3.26","3.31","8.29","3.6","3","6.33","3.35","3.37","3.38","3.29","3.46","","",
"Mali","MLI","Tariff rate, applied, simple mean, all products (%)","TM.TAX.MRCH.SM.AR.ZS","","","","","","","","","","","","","","","","","","","","","","","","","","","","","","","","","","","","3.46","15.14","15.14","15.14","11.17","","13.46","13.63","13.64","13.64","13.45","12.18","12.88","12.88","12.67","12.67","12.68","12.29","12.3","12.29","11.7","11.7","12.82","12.83","11.77","12.27","11.43","","",
"Malta","MLT","Tariff rate, applied, simple mean, all products (%)","TM.TAX.MRCH.SM.AR.ZS","","","","","","","","","","","","","","","","","","","","","","","","","","","","","3.14","3.49","6.01","4.71","3.88","3.54","4.21","5.73","4.22","3.47","3.9","4.31","3.3","4.26","2.57","2.54","2.64","2.68","2.75","2.53","2.37","2.44","2.78","2.3","2.28","2.21","2.76","2.73","2.48","2.48","2.46","2.55","1.71","2.24","","",
"Myanmar","MMR","Tariff rate, applied, simple mean, all products (%)","TM.TAX.MRCH.SM.AR.ZS","","","","","","","","","","","","","","","","","","","","","","","","","","","","","","","","","","","","","4.65","4.65","4.65","4.65","4.65","4.47","4.47","4.44","4.3","4.3","4.22","4.05","3.93","","3.48","3.25","4.77","4.77","","2.08","","","","3.68","","3.07","","",
"Middle East & North Africa (excluding high income)","MNA","Tariff rate, applied, simple mean, all products (%)","TM.TAX.MRCH.SM.AR.ZS","","","","","","","","","","","","","","","","","","","","","","","","","","","","","","","28.07","","28.46","44.42","","27.19","26.57","22.4","25.03","21.07","25.23","20.64","25.18","22.23","16.74","14.53","13.67","13.09","15.33","12.6","14.15","13.82","9.88","9","7.42","7.15","7.52","7.36","","","","","","",
"Montenegro","MNE","Tariff rate, applied, simple mean, all products (%)","TM.TAX.MRCH.SM.AR.ZS","","","","","","","","","","","","","","","","","","","","","","","","","","","","","","","","","","","","","","","","","","","","","","","","5.6","3.68","3.48","3.36","3.26","2.63","2.11","2.05","2.05","1.78","1.77","1.8","1.51","1.74","1.97","","",
"Mongolia","MNG","Tariff rate, applied, simple mean, all products (%)","TM.TAX.MRCH.SM.AR.ZS","","","","","","","","","","","","","","","","","","","","","","","","","","","","","","","","","","","","","","","","0.05","4.89","6.83","6.83","4.88","4.9","4.2","4.19","4.92","4.92","4.92","4.94","4.94","","4.94","","4.93","","5.06","5.04","5.03","5.02","5.04","","",
"Northern Mariana Islands","MNP","Tariff rate, applied, simple mean, all products (%)","TM.TAX.MRCH.SM.AR.ZS","","","","","","","","","","","","","","","","","","","","","","","","","","","","","","","","","","","","","","","","","","","","","","","","","","","","","","","","","","","","","","","","",
"Mozambique","MOZ","Tariff rate, applied, simple mean, all products (%)","TM.TAX.MRCH.SM.AR.ZS","","","","","","","","","","","","","","","","","","","","","","","","","","","","","","","","","","","","","","","","","","14.81","12.73","13.08","","12.95","12.13","10.99","10.78","8.8","8.77","10.75","8.76","","7.45","","7.16","","8.96","","8.94","8.84","","",
"Mauritania","MRT","Tariff rate, applied, simple mean, all products (%)","TM.TAX.MRCH.SM.AR.ZS","","","","","","","","","","","","","","","","","","","","","","","","","","","","","","","","","","","","","","","","","","12.83","","","","","11.48","12.38","9.44","9.57","9.45","9.36","","","12.34","12.38","","","12.55","12.55","13.21","12.53","","",
"Mauritius","MUS","Tariff rate, applied, simple mean, all products (%)","TM.TAX.MRCH.SM.AR.ZS","","","","","","","","","","","","","","","","","","","","","","","","","","","","","","","","","","","","34.7","31.93","32.71","31.08","31","22.4","24.08","23.65","","23.27","8.46","4.74","4.82","4.79","2.33","2.3","1.8","2.76","2.9","1.78","1.76","1.76","1.25","1.21","1.3","1.18","1.16","","",
"Malawi","MWI","Tariff rate, applied, simple mean, all products (%)","TM.TAX.MRCH.SM.AR.ZS","","","","","","","","","","","","","","","","","","","","","","","","","","","","","","","","","","","31.42","","25.53","26.73","19.44","","15.57","12.92","","15.43","","","12.89","","12.09","12.71","11.59","12.27","11.51","8.82","9.06","9.05","9.17","","","7.08","9.46","9.48","","",
"Malaysia","MYS","Tariff rate, applied, simple mean, all products (%)","TM.TAX.MRCH.SM.AR.ZS","","","","","","","","","","","","","","","","","","","","","","","","","","","","","18.6","","","16.4","","13.01","","","10.92","8.88","14.09","10.38","9.53","8.01","7.51","7.94","12.06","7.55","6.96","6.99","6.79","6.7","5.82","6.61","6.6","6.98","3.37","","6.22","","","","5.65","5.61","","",
"North America","NAC","Tariff rate, applied, simple mean, all products (%)","TM.TAX.MRCH.SM.AR.ZS","","","","","","","","","","","","","","","","","","","","","","","","","","","","","","","","","","","","","","","","","","","","","","","","","","","","","","","","","","","","","","","","",
"Namibia","NAM","Tariff rate, applied, simple mean, all products (%)","TM.TAX.MRCH.SM.AR.ZS","","","","","","","","","","","","","","","","","","","","","","","","","","","","","","","","","","","","","","","","","","6.06","5.34","","6.9","6.57","6.41","6.71","6.4","6.52","6.66","6.38","6.5","6.76","6.66","6.89","7.42","6.05","6.35","7.26","6.66","6.73","","",
"New Caledonia","NCL","Tariff rate, applied, simple mean, all products (%)","TM.TAX.MRCH.SM.AR.ZS","","","","","","","","","","","","","","","","","","","","","","","","","","","","","","","","","","","","","","","","","","","","","","","","","","","","","","","","","","","","","","","","",
"Niger","NER","Tariff rate, applied, simple mean, all products (%)","TM.TAX.MRCH.SM.AR.ZS","","","","","","","","","","","","","","","","","","","","","","","","","","","","","","","","","","","","","","","","","","14.38","14.17","14.24","14.1","14.27","12.8","12.71","12.7","12.71","12.8","13.14","13.13","13.29","13.17","10.73","10.84","13.27","13.08","12.18","10.55","10.48","","",
"Nigeria","NGA","Tariff rate, applied, simple mean, all products (%)","TM.TAX.MRCH.SM.AR.ZS","","","","","","","","","","","","","","","","","","","","","","","","","","","","","25.93","27.83","28.02","","28.13","","","87.19","22.95","23","23","24.64","24.69","24.23","25.17","24.61","","10.55","10.59","","10.82","9.94","11.06","11.16","","11.35","11.76","11.27","11.48","","","","12.75","12.7","","",
"Nicaragua","NIC","Tariff rate, applied, simple mean, all products (%)","TM.TAX.MRCH.SM.AR.ZS","","","","","","","","","","","","","","","","","","","","","","","","","","","","","","","","","","","","7.68","9.14","6.63","4.9","9.05","3.04","4.26","4.31","4.59","5.27","6.72","5.73","5.39","5.58","4.31","4.15","4.39","4.3","3.92","3.86","3.79","3.57","3.48","3.33","3.19","3.26","3.04","","",
"Netherlands","NLD","Tariff rate, applied, simple mean, all products (%)","TM.TAX.MRCH.SM.AR.ZS","","","","","","","","","","","","","","","","","","","","","","","","","","","","","3.14","3.49","6.01","4.71","3.88","3.54","4.21","5.73","4.22","3.47","3.9","4.31","3.3","4.26","2.57","2.54","2.64","2.68","2.75","2.53","2.37","2.44","2.78","2.3","2.28","2.21","2.76","2.73","2.48","2.48","2.46","2.55","1.71","2.24","","",
"Norway","NOR","Tariff rate, applied, simple mean, all products (%)","TM.TAX.MRCH.SM.AR.ZS","","","","","","","","","","","","","","","","","","","","","","","","","","","","","2.1","","","","","2.86","","10.24","4.66","8.34","6.92","4.47","6.5","5.07","4.42","4.08","4.19","4.39","4.1","4.32","3.54","3.4","4.02","4.13","4.23","4.12","3.84","3.94","3.69","3.62","3.51","3.24","3.27","3.49","","",
"Nepal","NPL","Tariff rate, applied, simple mean, all products (%)","TM.TAX.MRCH.SM.AR.ZS","","","","","","","","","","","","","","","","","","","","","","","","","","","","","","","","","","20.87","","","","","21.67","14.36","14.41","","14.66","14.87","14.82","14.72","13.11","13.05","15.07","12.77","12.98","13.15","12.85","11.82","12.66","12.63","12.65","","12.79","20.2","12.1","13.1","","",
"Nauru","NRU","Tariff rate, applied, simple mean, all products (%)","TM.TAX.MRCH.SM.AR.ZS","","","","","","","","","","","","","","","","","","","","","","","","","","","","","","","","","","","","","","","","","","","","","","","","","","","","","","","","","11.73","12.5","14.9","19.51","17.59","16.27","","",
"New Zealand","NZL","Tariff rate, applied, simple mean, all products (%)","TM.TAX.MRCH.SM.AR.ZS","","","","","","","","","","","","","","","","","","","","","","","","","","","","","","","","","15.14","10.03","","","6.47","5.83","4.8","3.9","3.27","4.3","4.68","5.23","5.76","4.87","4.76","3.76","2.86","2.6","4.23","2.86","3","2.37","2.18","2.17","2.13","2.13","","2.01","1.94","1.91","","",
"OECD members","OED","Tariff rate, applied, simple mean, all products (%)","TM.TAX.MRCH.SM.AR.ZS","","","","","","","","","","","","","","","","","","","","","","","","","","","","","","","","","","","","","","","","","","","","","","","","","","","","","","","","","","","","","","","","",
"Oman","OMN","Tariff rate, applied, simple mean, all products (%)","TM.TAX.MRCH.SM.AR.ZS","","","","","","","","","","","","","","","","","","","","","","","","","","","","","","","","","5.53","","","","","4.68","","","","5.35","7.97","6.64","4.83","3.94","3.97","3.83","4.25","3.9","","","3.41","3.26","3.2","3.53","3.56","3.66","3.67","3.27","3.24","3.12","","",
"Other small states","OSS","Tariff rate, applied, simple mean, all products (%)","TM.TAX.MRCH.SM.AR.ZS","","","","","","","","","","","","","","","","","","","","","","","","","","","","","","","","","","","","","","","","","","","","","","","","","","","","","","","","","","","","","","","","",
"Pakistan","PAK","Tariff rate, applied, simple mean, all products (%)","TM.TAX.MRCH.SM.AR.ZS","","","","","","","","","","","","","","","","","","","","","","","","","","","","","","","","","","","","50.26","","","45.83","24.54","24.05","20.34","17.37","16.98","16.17","14.72","14.86","14.97","14.06","14.72","14.79","14.39","14.14","14.65","13.63","12.73","12.55","","12.58","12.55","11.7","11.65","","",
"Panama","PAN","Tariff rate, applied, simple mean, all products (%)","TM.TAX.MRCH.SM.AR.ZS","","","","","","","","","","","","","","","","","","","","","","","","","","","","","","","","","","","","","","12.26","8.26","8.32","8.17","7.97","8.26","7.83","7.82","7.41","7.67","7.4","7.31","7.76","7.48","7.3","7.28","6.93","","7.37","","","","","6.19","5.99","","",
"Peru","PER","Tariff rate, applied, simple mean, all products (%)","TM.TAX.MRCH.SM.AR.ZS","","","","","","","","","","","","","","","","","","","","","","","","","","","","","","","","","","17.92","","16.24","","13.2","13.14","13.08","13.2","11.86","10.31","9.68","9.76","9.19","8.56","8.48","4.69","4.54","4.74","3.12","","2.88","2.8","2.81","","1.38","1.25","1.27","1.14","1.08","","",
"Philippines","PHL","Tariff rate, applied, simple mean, all products (%)","TM.TAX.MRCH.SM.AR.ZS","","","","","","","","","","","","","","","","","","","","","","","","","","","","","28.36","28.37","19.54","","19.52","22.04","21.22","19.79","14.29","12.75","10.29","9.45","7.19","6.93","5.29","4.48","5.16","5.14","5.12","5.03","5.07","5.05","5.05","3.98","3.9","3.86","","3.8","4.91","3.7","4.04","3.54","3.42","4.01","","",
"Palau","PLW","Tariff rate, applied, simple mean, all products (%)","TM.TAX.MRCH.SM.AR.ZS","","","","","","","","","","","","","","","","","","","","","","","","","","","","","","","","","","","","","","","","","","","","","","2.84","2.84","","","","5.04","4.83","4.75","","","5.07","5.47","14.14","15.56","21.42","6.78","6.8","","",
"Papua New Guinea","PNG","Tariff rate, applied, simple mean, all products (%)","TM.TAX.MRCH.SM.AR.ZS","","","","","","","","","","","","","","","","","","","","","","","","","","","","","","","","","","","","","","20.53","","20.89","7.86","7.74","7.31","6.32","6.72","6.77","5.46","5.19","5.12","4.97","5.12","","4.71","4.72","","","","","8.28","11.28","4.57","4.34","","",
"Poland","POL","Tariff rate, applied, simple mean, all products (%)","TM.TAX.MRCH.SM.AR.ZS","","","","","","","","","","","","","","","","","","","","","","","","","","","","","3.14","3.49","6.01","4.71","3.88","3.54","4.21","5.73","4.22","3.47","3.9","4.31","3.3","4.26","2.57","2.54","2.64","2.68","2.75","2.53","2.37","2.44","2.78","2.3","2.28","2.21","2.76","2.73","2.48","2.48","2.46","2.55","1.71","2.24","","",
"Pre-demographic dividend","PRE","Tariff rate, applied, simple mean, all products (%)","TM.TAX.MRCH.SM.AR.ZS","","","","","","","","","","","","","","","","","","","","","","","","","","","","","","","","","","","","","","","","","","","","","","","","","","","","","","","","","","","","","","","","",
"Puerto Rico","PRI","Tariff rate, applied, simple mean, all products (%)","TM.TAX.MRCH.SM.AR.ZS","","","","","","","","","","","","","","","","","","","","","","","","","","","","","","","","","","","","","","","","","","","","","","","","","","","","","","","","","","","","","","","","",
"Korea, Dem. People's Rep.","PRK","Tariff rate, applied, simple mean, all products (%)","TM.TAX.MRCH.SM.AR.ZS","","","","","","","","","","","","","","","","","","","","","","","","","","","","","","","","","","","","","","","","","","","","","","","","","","","","","","","","","","","","","","","","",
"Portugal","PRT","Tariff rate, applied, simple mean, all products (%)","TM.TAX.MRCH.SM.AR.ZS","","","","","","","","","","","","","","","","","","","","","","","","","","","","","3.14","3.49","6.01","4.71","3.88","3.54","4.21","5.73","4.22","3.47","3.9","4.31","3.3","4.26","2.57","2.54","2.64","2.68","2.75","2.53","2.37","2.44","2.78","2.3","2.28","2.21","2.76","2.73","2.48","2.48","2.46","2.55","1.71","2.24","","",
"Paraguay","PRY","Tariff rate, applied, simple mean, all products (%)","TM.TAX.MRCH.SM.AR.ZS","","","","","","","","","","","","","","","","","","","","","","","","","","","","","","","","15.35","","","8.75","9.72","11.67","11.8","12.04","10.78","13.6","13.59","13.39","13.44","9.7","8.41","7.17","8","8.46","7.95","8.33","8.4","8.34","8.24","8.14","8.1","8.28","8.11","8.14","8.14","7.46","8.11","","",
"West Bank and Gaza","PSE","Tariff rate, applied, simple mean, all products (%)","TM.TAX.MRCH.SM.AR.ZS","","","","","","","","","","","","","","","","","","","","","","","","","","","","","","","","","","","","","","","","","","","","","","","","","","","","","","2.27","2.37","2.48","2.45","1.86","","","","","","",
"Pacific island small states","PSS","Tariff rate, applied, simple mean, all products (%)","TM.TAX.MRCH.SM.AR.ZS","","","","","","","","","","","","","","","","","","","","","","","","","","","","","","","","","","","","","","","","","","","","","","","","","","","","","","","","","","","","","","","","",
"Post-demographic dividend","PST","Tariff rate, applied, simple mean, all products (%)","TM.TAX.MRCH.SM.AR.ZS","","","","","","","","","","","","","","","","","","","","","","","","","","","","","","","","","","","","","","","","","","","","","","","","","","","","","","","","","","","","","","","","",
"French Polynesia","PYF","Tariff rate, applied, simple mean, all products (%)","TM.TAX.MRCH.SM.AR.ZS","","","","","","","","","","","","","","","","","","","","","","","","","","","","","","","","","","","","","","","","","","","","","","","","","6.82","6.82","","6.7","5.84","5.74","5.73","7.53","7.48","6.6","6.6","6.56","6.88","7.62","","",
"Qatar","QAT","Tariff rate, applied, simple mean, all products (%)","TM.TAX.MRCH.SM.AR.ZS","","","","","","","","","","","","","","","","","","","","","","","","","","","","","","","","","","","","","","","","","","","4.11","5.12","5.22","4.13","4.06","4.16","4.17","4.4","4.78","4.78","4.21","4.24","3.84","3.68","3.68","4","3.98","4.13","3.92","3.95","","",
"Romania","ROU","Tariff rate, applied, simple mean, all products (%)","TM.TAX.MRCH.SM.AR.ZS","","","","","","","","","","","","","","","","","","","","","","","","","","","","","3.14","3.49","6.01","4.71","3.88","3.54","4.21","5.73","4.22","3.47","3.9","4.31","3.3","4.26","2.57","2.54","2.64","2.68","2.75","2.53","2.37","2.44","2.78","2.3","2.28","2.21","2.76","2.73","2.48","2.48","2.46","2.55","1.71","2.24","","",
"Russian Federation","RUS","Tariff rate, applied, simple mean, all products (%)","TM.TAX.MRCH.SM.AR.ZS","","","","","","","","","","","","","","","","","","","","","","","","","","","","","","","","","","8.34","11.11","","11.92","13.99","","","","11.9","11.64","","","11.39","","9.97","9.94","9.99","7.11","8.59","8.28","8.05","7.34","5.33","5.34","5.06","4.92","6.86","5.01","5.51","","",
"Rwanda","RWA","Tariff rate, applied, simple mean, all products (%)","TM.TAX.MRCH.SM.AR.ZS","","","","","","","","","","","","","","","","","","","","","","","","","","","","","","","","","","38.69","","","","","","","11.57","10.45","24.21","9.75","","19.48","19.73","","18.66","11.43","11.19","10.28","10.77","11.11","11.1","11.18","11.5","","11.26","11.64","11.69","11.9","","",
"South Asia","SAS","Tariff rate, applied, simple mean, all products (%)","TM.TAX.MRCH.SM.AR.ZS","","","","","","","","","","","","","","","","","","","","","","","","","","","","","","105.36","55.04","","56.02","23.09","46.9","50.26","36.32","25.24","27.56","26.33","22.94","21.94","22.85","18.98","19.82","15.62","14.44","13.8","12.6","13","12.34","12.93","11.4","11.64","11.48","10.73","11.16","9.62","","","","","","",
"Saudi Arabia","SAU","Tariff rate, applied, simple mean, all products (%)","TM.TAX.MRCH.SM.AR.ZS","","","","","","","","","","","","","","","","","","","","","","","","","","","","","","","","","","","12.32","","","","","12.37","12.65","12.68","6.77","6.64","6.66","4.19","4.16","4.02","3.33","3.28","","4.83","4.15","4.15","4.03","5.08","","4.54","","","4.7","","","",
"Sudan","SDN","Tariff rate, applied, simple mean, all products (%)","TM.TAX.MRCH.SM.AR.ZS","","","","","","","","","","","","","","","","","","","","","","","","","","","","","","","","","","","","","5.03","","","","","","22.6","","","","11.47","","14.22","14.26","12.67","12.56","12.09","12.16","","","","14.28","","","0","0","","",
"Senegal","SEN","Tariff rate, applied, simple mean, all products (%)","TM.TAX.MRCH.SM.AR.ZS","","","","","","","","","","","","","","","","","","","","","","","","","","","","","","","","","","","","","","","","","","13.86","13.83","13.92","13.93","13.97","13.49","13.41","13.41","13.41","13.42","13.32","13.13","13.13","13.18","12.95","12.96","13.17","12.96","12.78","12.8","12.88","","",
"Singapore","SGP","Tariff rate, applied, simple mean, all products (%)","TM.TAX.MRCH.SM.AR.ZS","","","","","","","","","","","","","","","","","","","","","","","","","","","","","","1.72","","","","","","0.58","0.07","0.07","0.07","0.07","0.07","0.05","0.06","0.05","0","0.05","0.05","0.04","0.15","0.14","0.17","0.28","0.21","0.21","0.2","0.2","0.21","0.19","0.58","1.2","0.17","0.08","","",
"Solomon Islands","SLB","Tariff rate, applied, simple mean, all products (%)","TM.TAX.MRCH.SM.AR.ZS","","","","","","","","","","","","","","","","","","","","","","","","","","","","","","","","","","","","","","","","","","","","","","","","","10.8","","","","","","","10.72","10.78","10.09","12.24","16.85","11.86","10.11","","",
"Sierra Leone","SLE","Tariff rate, applied, simple mean, all products (%)","TM.TAX.MRCH.SM.AR.ZS","","","","","","","","","","","","","","","","","","","","","","","","","","","","","","","","","","","","","","","","","","","","","14.93","","14.62","","","","12.87","12.91","12.88","","","","","","","","13.63","13.74","","",
"El Salvador","SLV","Tariff rate, applied, simple mean, all products (%)","TM.TAX.MRCH.SM.AR.ZS","","","","","","","","","","","","","","","","","","","","","","","","","","","","","","","","","","","","10.04","8.71","8.1","5.94","7.03","7.38","7.47","5.76","7.21","5.99","6.68","5.04","5.05","3.82","3.73","5.03","5.18","4.1","4.29","4","3.83","","3.69","3.47","3.37","3.41","3.28","","",
"San Marino","SMR","Tariff rate, applied, simple mean, all products (%)","TM.TAX.MRCH.SM.AR.ZS","","","","","","","","","","","","","","","","","","","","","","","","","","","","","","","","","","","","","","","","","","","","","","","","","","","","","","","","","","","","","","","","",
"Somalia","SOM","Tariff rate, applied, simple mean, all products (%)","TM.TAX.MRCH.SM.AR.ZS","","","","","","","","","","","","","","","","","","","","","","","","","","","","","","","","","","","","","","","","","","","","","","","","","","","","","","","","","","","","","","","","",
"Serbia","SRB","Tariff rate, applied, simple mean, all products (%)","TM.TAX.MRCH.SM.AR.ZS","","","","","","","","","","","","","","","","","","","","","","","","","","","","","","","","","","","","","","","","","","9.13","10.05","","","8.09","","7.56","7.64","5.25","4.65","4.02","","7.29","","2.67","2.7","2.78","2.76","","","3.08","","",
"Sub-Saharan Africa (excluding high income)","SSA","Tariff rate, applied, simple mean, all products (%)","TM.TAX.MRCH.SM.AR.ZS","","","","","","","","","","","","","","","","","","","","","","","","","","","","","19.97","27.83","16.47","11.33","28.13","15.51","23.41","30.57","19.42","18.88","20.35","18.63","15.7","14.9","14.4","13.52","12.86","12.2","11.91","11.93","11.85","11.54","11.62","11.46","11.5","10.76","10.43","10.39","9.99","7.76","","","","","","",
"South Sudan","SSD","Tariff rate, applied, simple mean, all products (%)","TM.TAX.MRCH.SM.AR.ZS","","","","","","","","","","","","","","","","","","","","","","","","","","","","","","","","","","","","","","","","","","","","","","","","","","","","","","","","","","","","","","","","",
"Sub-Saharan Africa","SSF","Tariff rate, applied, simple mean, all products (%)","TM.TAX.MRCH.SM.AR.ZS","","","","","","","","","","","","","","","","","","","","","","","","","","","","","19.97","27.83","16.47","11.33","28.13","15.51","23.41","30.57","19.42","18.88","20.33","18.63","15.7","14.93","14.44","13.53","12.86","12.27","11.89","11.97","11.83","11.51","11.61","11.46","11.5","10.76","10.39","10.39","9.99","7.76","","","","","","",
"Small states","SST","Tariff rate, applied, simple mean, all products (%)","TM.TAX.MRCH.SM.AR.ZS","","","","","","","","","","","","","","","","","","","","","","","","","","","","","","","","","","","","","","","","","","","","","","","","","","","","","","","","","","","","","","","","",
"Sao Tome and Principe","STP","Tariff rate, applied, simple mean, all products (%)","TM.TAX.MRCH.SM.AR.ZS","","","","","","","","","","","","","","","","","","","","","","","","","","","","","","","","","","","","","","","","","","","","","","","","","","","","","","9.91","9.86","9.85","9.84","","9.81","10","","","","",
"Suriname","SUR","Tariff rate, applied, simple mean, all products (%)","TM.TAX.MRCH.SM.AR.ZS","","","","","","","","","","","","","","","","","","","","","","","","","","","","","","","","","","","","","21.09","","","17.55","14.4","","","","","","","11.12","","12","12.01","11.77","10.84","10.84","","","","","10.74","10.76","10.76","10.15","","",
"Slovak Republic","SVK","Tariff rate, applied, simple mean, all products (%)","TM.TAX.MRCH.SM.AR.ZS","","","","","","","","","","","","","","","","","","","","","","","","","","","","","3.14","3.49","6.01","4.71","3.88","3.54","4.21","5.73","4.22","3.47","3.9","4.31","3.3","4.26","2.57","2.54","2.64","2.68","2.75","2.53","2.37","2.44","2.78","2.3","2.28","2.21","2.76","2.73","2.48","2.48","2.46","2.55","1.71","2.24","","",
"Slovenia","SVN","Tariff rate, applied, simple mean, all products (%)","TM.TAX.MRCH.SM.AR.ZS","","","","","","","","","","","","","","","","","","","","","","","","","","","","","3.14","3.49","6.01","4.71","3.88","3.54","4.21","5.73","4.22","3.47","3.9","4.31","3.3","4.26","2.57","2.54","2.64","2.68","2.75","2.53","2.37","2.44","2.78","2.3","2.28","2.21","2.76","2.73","2.48","2.48","2.46","2.55","1.71","2.24","","",
"Sweden","SWE","Tariff rate, applied, simple mean, all products (%)","TM.TAX.MRCH.SM.AR.ZS","","","","","","","","","","","","","","","","","","","","","","","","","","","","","3.14","3.49","6.01","4.71","3.88","3.54","4.21","5.73","4.22","3.47","3.9","4.31","3.3","4.26","2.57","2.54","2.64","2.68","2.75","2.53","2.37","2.44","2.78","2.3","2.28","2.21","2.76","2.73","2.48","2.48","2.46","2.55","1.71","2.24","","",
"Eswatini","SWZ","Tariff rate, applied, simple mean, all products (%)","TM.TAX.MRCH.SM.AR.ZS","","","","","","","","","","","","","","","","","","","","","","","","","","","","","","","","","","","","","","","","","","0.55","9.19","","11.21","12.08","10.31","11.14","11.72","11.3","10.48","11.86","8.53","3.62","3.84","4.68","4.4","2.98","2.08","8.46","6.91","7.18","","",
"Sint Maarten (Dutch part)","SXM","Tariff rate, applied, simple mean, all products (%)","TM.TAX.MRCH.SM.AR.ZS","","","","","","","","","","","","","","","","","","","","","","","","","","","","","","","","","","","","","","","","","","","","","","","","","","","","","","","","","","","","","","","","",
"Seychelles","SYC","Tariff rate, applied, simple mean, all products (%)","TM.TAX.MRCH.SM.AR.ZS","","","","","","","","","","","","","","","","","","","","","","","","","","","","","","","","","","","","","","","","","27.22","27.69","","","","12.15","9.06","9.75","","","","","","","","2.39","2.85","2.74","2.27","8.91","1.79","1.75","","",
"Syrian Arab Republic","SYR","Tariff rate, applied, simple mean, all products (%)","TM.TAX.MRCH.SM.AR.ZS","","","","","","","","","","","","","","","","","","","","","","","","","","","","","","","","","","","","","","","","","","","14.67","","","","","","","11.2","11.86","","","15.16","","","","","","","8.98","","","",
"Turks and Caicos Islands","TCA","Tariff rate, applied, simple mean, all products (%)","TM.TAX.MRCH.SM.AR.ZS","","","","","","","","","","","","","","","","","","","","","","","","","","","","","","","","","","","","","","","","","","","","","","","","","","","","","","","","","","","","","","","","",
"Chad","TCD","Tariff rate, applied, simple mean, all products (%)","TM.TAX.MRCH.SM.AR.ZS","","","","","","","","","","","","","","","","","","","","","","","","","","","","","","","","","","","","17.08","","17.08","","","","17.59","17.56","17.56","17.41","18.13","18.18","17.09","17.56","17.56","17.42","17.41","","17.71","","17.04","18.16","","","","","","","",
"East Asia & Pacific (IDA & IBRD countries)","TEA","Tariff rate, applied, simple mean, all products (%)","TM.TAX.MRCH.SM.AR.ZS","","","","","","","","","","","","","","","","","","","","","","","","","","","","","","","","","","","","","","","","","","","","","","","","","","","","","","","","","","","","","","","","",
"Europe & Central Asia (IDA & IBRD countries)","TEC","Tariff rate, applied, simple mean, all products (%)","TM.TAX.MRCH.SM.AR.ZS","","","","","","","","","","","","","","","","","","","","","","","","","","","","","","","","","","","","","","","","","","","","","","","","","","","","","","","","","","","","","","","","",
"Togo","TGO","Tariff rate, applied, simple mean, all products (%)","TM.TAX.MRCH.SM.AR.ZS","","","","","","","","","","","","","","","","","","","","","","","","","","","","","","","","","","","","","15.22","15.56","","15.46","14.35","14.27","14.23","14.55","14.56","14.61","14.15","13.85","13.85","13.84","13.53","13.66","13.14","12.88","12.87","11.84","12.08","13.31","13.13","11.83","11.83","11.33","","",
"Thailand","THA","Tariff rate, applied, simple mean, all products (%)","TM.TAX.MRCH.SM.AR.ZS","","","","","","","","","","","","","","","","","","","","","","","","","","","","","","41.22","","41.99","","44.17","","21.77","","","","42.61","17.12","14.71","","13.75","11.32","10.55","10.84","10.52","10.78","11.01","10.81","11.25","","12.03","8.42","7.96","","","","","","8.48","","",
"Tajikistan","TJK","Tariff rate, applied, simple mean, all products (%)","TM.TAX.MRCH.SM.AR.ZS","","","","","","","","","","","","","","","","","","","","","","","","","","","","","","","","","","","","","","","","","","","","","","","5.01","","","","4.61","","4.85","5.19","4.96","6.14","5.22","5.08","","","5.04","5.87","","",
"Turkmenistan","TKM","Tariff rate, applied, simple mean, all products (%)","TM.TAX.MRCH.SM.AR.ZS","","","","","","","","","","","","","","","","","","","","","","","","","","","","","","","","","","","","","","","0","","","","5.35","","","","","","","","","","","","","","","","","","","","","",
"Latin America & the Caribbean (IDA & IBRD countries)","TLA","Tariff rate, applied, simple mean, all products (%)","TM.TAX.MRCH.SM.AR.ZS","","","","","","","","","","","","","","","","","","","","","","","","","","","","","","","","","","","","","","","","","","","","","","","","","","","","","","","","","","","","","","","","",
"Timor-Leste","TLS","Tariff rate, applied, simple mean, all products (%)","TM.TAX.MRCH.SM.AR.ZS","","","","","","","","","","","","","","","","","","","","","","","","","","","","","","","","","","","","","","","","","","","","","","","","","","","","2.5","2.5","2.5","2.5","2.5","2.5","","","","2.52","2.52","","",
"Middle East & North Africa (IDA & IBRD countries)","TMN","Tariff rate, applied, simple mean, all products (%)","TM.TAX.MRCH.SM.AR.ZS","","","","","","","","","","","","","","","","","","","","","","","","","","","","","","","","","","","","","","","","","","","","","","","","","","","","","","","","","","","","","","","","",
"Tonga","TON","Tariff rate, applied, simple mean, all products (%)","TM.TAX.MRCH.SM.AR.ZS","","","","","","","","","","","","","","","","","","","","","","","","","","","","","","","","","","","","","","","","","","","","","","","","","","11.01","11.09","11.01","11.24","11.08","","11.25","11.09","10.89","","","9.73","9.53","","",
"South Asia (IDA & IBRD)","TSA","Tariff rate, applied, simple mean, all products (%)","TM.TAX.MRCH.SM.AR.ZS","","","","","","","","","","","","","","","","","","","","","","","","","","","","","","","","","","","","","","","","","","","","","","","","","","","","","","","","","","","","","","","","",
"Sub-Saharan Africa (IDA & IBRD countries)","TSS","Tariff rate, applied, simple mean, all products (%)","TM.TAX.MRCH.SM.AR.ZS","","","","","","","","","","","","","","","","","","","","","","","","","","","","","","","","","","","","","","","","","","","","","","","","","","","","","","","","","","","","","","","","",
"Trinidad and Tobago","TTO","Tariff rate, applied, simple mean, all products (%)","TM.TAX.MRCH.SM.AR.ZS","","","","","","","","","","","","","","","","","","","","","","","","","","","","","","","","18.73","19.21","","","","12.07","","","19.88","","9.95","9.74","9.78","10.54","10.46","9.98","8.81","8.76","","11.94","11.94","11.47","11.43","","","","","","","","10.42","","",
"Tunisia","TUN","Tariff rate, applied, simple mean, all products (%)","TM.TAX.MRCH.SM.AR.ZS","","","","","","","","","","","","","","","","","","","","","","","","","","","","","","","28.07","","28.46","","","29.67","","","29.71","","28.22","","29.93","25.53","25.92","13.28","22.99","","21.79","21.6","18.13","16.25","15.57","6.69","","6.49","10.21","","","","","","","",
"Turkiye","TUR","Tariff rate, applied, simple mean, all products (%)","TM.TAX.MRCH.SM.AR.ZS","","","","","","","","","","","","","","","","","","","","","","","","","","","","","","","","","","7.35","","8.68","4.54","6.74","4.35","7.18","3.54","3.01","2.88","2.61","3.22","2.42","2.3","2.49","2.49","2.36","2.49","2.42","","2.4","","2.7","2.45","2.74","2.64","3.67","3.61","4.44","","",
"Tuvalu","TUV","Tariff rate, applied, simple mean, all products (%)","TM.TAX.MRCH.SM.AR.ZS","","","","","","","","","","","","","","","","","","","","","","","","","","","","","","","","","","","","","","","","","","","","","","","","","","","8.5","","","","","","","8.85","","","","","","",
"Tanzania","TZA","Tariff rate, applied, simple mean, all products (%)","TM.TAX.MRCH.SM.AR.ZS","","","","","","","","","","","","","","","","","","","","","","","","","","","","","","","","","","15.54","","","","22.31","21.31","","17.86","","","15.23","","12.9","12.53","12.53","13.11","12.98","13.07","12.81","13.22","13.2","13.14","11.92","12.17","","12.26","12.15","12.23","12.03","","",
"Uganda","UGA","Tariff rate, applied, simple mean, all products (%)","TM.TAX.MRCH.SM.AR.ZS","","","","","","","","","","","","","","","","","","","","","","","","","","","","","","","","","","","16.61","","","","","","8.28","8.1","7.86","7.51","7.14","12.43","12.13","12.1","12.21","12.39","12.44","12.04","12.23","12.02","12.16","11.68","11.71","","12.15","12.41","13.24","14.66","","",
"Ukraine","UKR","Tariff rate, applied, simple mean, all products (%)","TM.TAX.MRCH.SM.AR.ZS","","","","","","","","","","","","","","","","","","","","","","","","","","","","","","","","","","","","7.48","","8.37","","","","","7.7","","","","4.89","5.46","5","4.07","4.5","4.11","4.16","4.71","4.28","4.08","4.48","2.59","2.3","4.31","2.16","2.16","","",
"Upper middle income","UMC","Tariff rate, applied, simple mean, all products (%)","TM.TAX.MRCH.SM.AR.ZS","","","","","","","","","","","","","","","","","","","","","","","","","","","","","17.32","41.88","19.8","19.81","25.91","19.14","17.19","14.79","14.45","13.46","13.56","14.86","14.11","11.99","11.61","11.46","10.28","9.73","8.47","8.8","8.65","8.18","8.01","8.09","7.76","7.7","6.49","7.02","6.97","6.19","","","","","","",
"Uruguay","URY","Tariff rate, applied, simple mean, all products (%)","TM.TAX.MRCH.SM.AR.ZS","","","","","","","","","","","","","","","","","","","","","","","","","","","","","","","","","6.95","","","12.65","13.01","13.2","15.39","15.48","13.27","13.13","14.65","","11.51","9.87","9.64","9.52","9.6","9.57","9.63","9.8","9.76","9.84","9.81","9.81","9.94","10.02","9.97","9.94","9.93","9.88","","",
"United States","USA","Tariff rate, applied, simple mean, all products (%)","TM.TAX.MRCH.SM.AR.ZS","","","","","","","","","","","","","","","","","","","","","","","","","","","","","","5.28","5.2","5.31","5.25","5.12","","4.59","4.44","4.34","4.49","3.88","3.87","3.82","3.98","3.53","3.31","3.23","3.14","3.01","3.1","3","2.96","3.03","2.99","2.87","2.93","2.8","2.76","3.36","3.25","8.7","2.87","2.79","","",
"Uzbekistan","UZB","Tariff rate, applied, simple mean, all products (%)","TM.TAX.MRCH.SM.AR.ZS","","","","","","","","","","","","","","","","","","","","","","","","","","","","","","","","","","","","","","","","","","10.67","","","","","11.99","12.22","12.77","12.02","","","12.25","","12.34","13.66","","","","","6.21","6.66","","",
"St. Vincent and the Grenadines","VCT","Tariff rate, applied, simple mean, all products (%)","TM.TAX.MRCH.SM.AR.ZS","","","","","","","","","","","","","","","","","","","","","","","","","","","","","","","","","","","","","21.29","","","18.1","18.38","13.36","13.37","13.26","","","3.83","11.11","","","13.03","12.96","10.71","10.71","","10.19","9.8","9.38","9.17","8.98","9.23","9.78","","",
"Venezuela, RB","VEN","Tariff rate, applied, simple mean, all products (%)","TM.TAX.MRCH.SM.AR.ZS","","","","","","","","","","","","","","","","","","","","","","","","","","","","","","","","","17.13","","","12.8","","12.82","13","13.3","13.24","13.38","13.62","13.34","12.5","12.66","12.32","11.83","12.24","12.22","13.07","11.83","11.84","11.65","11.03","11.82","11.2","11.88","10.94","11.9","14.44","13.05","","",
"British Virgin Islands","VGB","Tariff rate, applied, simple mean, all products (%)","TM.TAX.MRCH.SM.AR.ZS","","","","","","","","","","","","","","","","","","","","","","","","","","","","","","","","","","","","","","","","","","","","","","","","","","","","","","","","","","","","","","","","",
"Virgin Islands (U.S.)","VIR","Tariff rate, applied, simple mean, all products (%)","TM.TAX.MRCH.SM.AR.ZS","","","","","","","","","","","","","","","","","","","","","","","","","","","","","","","","","","","","","","","","","","","","","","","","","","","","","","","","","","","","","","","","",
"Viet Nam","VNM","Tariff rate, applied, simple mean, all products (%)","TM.TAX.MRCH.SM.AR.ZS","","","","","","","","","","","","","","","","","","","","","","","","","","","","","","","","","","","10.14","","","","","12.33","","13.81","13.43","12.74","12.54","11.78","11.9","12.14","8.01","7.97","7.29","","7.12","6.7","6.63","6.18","6.4","6.51","6.65","5.68","5.56","4.22","","",
"Vanuatu","VUT","Tariff rate, applied, simple mean, all products (%)","TM.TAX.MRCH.SM.AR.ZS","","","","","","","","","","","","","","","","","","","","","","","","","","","","","","","","","","","","","","","","","","","18.38","17.79","17.81","17.8","17.97","18.51","18.62","18.59","","","12.03","","","9.05","8.91","10.14","","","11.84","10.84","","",
"World","WLD","Tariff rate, applied, simple mean, all products (%)","TM.TAX.MRCH.SM.AR.ZS","","","","","","","","","","","","","","","","","","","","","","","","","","","","","8.88","13.76","15.02","13.07","14.11","13.36","15.58","12.24","10.13","10.31","10.18","10.77","10.76","10.05","9.77","9.06","8.46","8.09","7.85","7.49","7.54","7.28","7.48","7.31","6.89","6.78","6.15","6.17","6.38","5.17","","","","","","",
"Samoa","WSM","Tariff rate, applied, simple mean, all products (%)","TM.TAX.MRCH.SM.AR.ZS","","","","","","","","","","","","","","","","","","","","","","","","","","","","","","","","","","","","","","","","","","","","","","","","","","","","12.71","11.86","11.79","12.8","13.06","12.2","12.22","12.93","","11.92","","","",
"Kosovo","XKX","Tariff rate, applied, simple mean, all products (%)","TM.TAX.MRCH.SM.AR.ZS","","","","","","","","","","","","","","","","","","","","","","","","","","","","","","","","","","","","","","","","","","","","","","","","","","","","","","","","","","","","","","","","",
"Yemen, Rep.","YEM","Tariff rate, applied, simple mean, all products (%)","TM.TAX.MRCH.SM.AR.ZS","","","","","","","","","","","","","","","","","","","","","","","","","","","","","","","","","","","","","","","","","13.12","","","","","","6.79","","","5.48","","5.29","5.24","5.24","","5.52","5.47","5.76","","","","","","",
"South Africa","ZAF","Tariff rate, applied, simple mean, all products (%)","TM.TAX.MRCH.SM.AR.ZS","","","","","","","","","","","","","","","","","","","","","","","","","","","","","13.52","","11.63","11.33","","16.41","","","14.8","10.72","","9.74","9.45","9.65","8.3","8.47","9.3","8.85","8.46","8.06","7.62","7.53","7.31","7.11","7.12","6.4","6.31","6.35","6.48","6.67","6.76","8.37","7.11","7.16","","",
"Zambia","ZMB","Tariff rate, applied, simple mean, all products (%)","TM.TAX.MRCH.SM.AR.ZS","","","","","","","","","","","","","","","","","","","","","","","","","","","","","","","","","","25.34","","","","15.39","","","","17.64","14.89","14.51","18.13","14.52","17.28","16.07","11.58","11.03","11.19","10.46","11.12","10.3","","10.64","14.72","","10.8","","11.65","11.66","","",
"Zimbabwe","ZWE","Tariff rate, applied, simple mean, all products (%)","TM.TAX.MRCH.SM.AR.ZS","","","","","","","","","","","","","","","","","","","","","","","","","","","","","","","","","","","","","40.61","25.02","20.95","26.33","22.15","19.22","18.17","16.66","","","","18.68","","","16.97","11.92","17.47","","","13.29","9.56","","","","","18.44","","",
